url,prison,prison_slug,country,intent,page_family,bing_clicks,bing_impressions,bing_avg_position,gsc_clicks,gsc_impressions,ga4_organic_sessions,facility_specific_facts,verified_source,classification,reason
https://prisonsonline.com/prisons/uk/hmp-ashfield/visiting-times,HMP Ashfield,hmp-ashfield,uk,visiting-times,prison_visiting_times,0,0,,0,0,0,yes,no,REVIEW,No measured demand in supplied exports and current content is substantially generic
https://prisonsonline.com/prisons/uk/hmp-ashfield/contact-details,HMP Ashfield,hmp-ashfield,uk,contact-details,prison_contact_details,0,0,,0,0,5,yes,no,KEEP,"90-day Bing, GSC or GA4 evidence"
https://prisonsonline.com/prisons/uk/hmp-ashfield/booking-a-visit,HMP Ashfield,hmp-ashfield,uk,booking-a-visit,prison_booking_a_visit,0,0,,0,0,0,yes,no,REVIEW,No measured demand in supplied exports and current content is substantially generic
https://prisonsonline.com/prisons/uk/hmp-ashfield/what-to-expect,HMP Ashfield,hmp-ashfield,uk,what-to-expect,prison_what_to_expect,0,0,,0,0,1,yes,no,KEEP,"90-day Bing, GSC or GA4 evidence"
https://prisonsonline.com/prisons/uk/hmp-bedford/visiting-times,HMP Bedford,hmp-bedford,uk,visiting-times,prison_visiting_times,0,0,,0,0,0,yes,no,REVIEW,No measured demand in supplied exports and current content is substantially generic
https://prisonsonline.com/prisons/uk/hmp-bedford/contact-details,HMP Bedford,hmp-bedford,uk,contact-details,prison_contact_details,0,0,,0,0,1,yes,yes,KEEP,"90-day Bing, GSC or GA4 evidence"
https://prisonsonline.com/prisons/uk/hmp-bedford/booking-a-visit,HMP Bedford,hmp-bedford,uk,booking-a-visit,prison_booking_a_visit,3,1,2,0,0,1,yes,no,KEEP,"90-day Bing, GSC or GA4 evidence"
https://prisonsonline.com/prisons/uk/hmp-bedford/what-to-expect,HMP Bedford,hmp-bedford,uk,what-to-expect,prison_what_to_expect,0,0,,0,0,0,yes,no,REVIEW,No measured demand in supplied exports and current content is substantially generic
https://prisonsonline.com/prisons/uk/hmp-belmarsh/visiting-times,HMP Belmarsh,hmp-belmarsh,uk,visiting-times,prison_visiting_times,0,0,,0,0,2,yes,no,KEEP,"90-day Bing, GSC or GA4 evidence"
https://prisonsonline.com/prisons/uk/hmp-belmarsh/contact-details,HMP Belmarsh,hmp-belmarsh,uk,contact-details,prison_contact_details,0,0,,0,0,0,yes,yes,KEEP,Primary-source fact block implemented
https://prisonsonline.com/prisons/uk/hmp-belmarsh/booking-a-visit,HMP Belmarsh,hmp-belmarsh,uk,booking-a-visit,prison_booking_a_visit,2,5,6,0,0,5,yes,no,KEEP,"90-day Bing, GSC or GA4 evidence"
https://prisonsonline.com/prisons/uk/hmp-belmarsh/what-to-expect,HMP Belmarsh,hmp-belmarsh,uk,what-to-expect,prison_what_to_expect,0,0,,1,0,0,yes,no,KEEP,"90-day Bing, GSC or GA4 evidence"
https://prisonsonline.com/prisons/uk/hmp-berwyn/visiting-times,HMP Berwyn,hmp-berwyn,uk,visiting-times,prison_visiting_times,0,0,,0,0,2,yes,no,KEEP,"90-day Bing, GSC or GA4 evidence"
https://prisonsonline.com/prisons/uk/hmp-berwyn/contact-details,HMP Berwyn,hmp-berwyn,uk,contact-details,prison_contact_details,8,716,6.53,0,0,5,yes,yes,KEEP,"90-day Bing, GSC or GA4 evidence"
https://prisonsonline.com/prisons/uk/hmp-berwyn/booking-a-visit,HMP Berwyn,hmp-berwyn,uk,booking-a-visit,prison_booking_a_visit,4,22,4,0,0,8,yes,no,KEEP,"90-day Bing, GSC or GA4 evidence"
https://prisonsonline.com/prisons/uk/hmp-berwyn/what-to-expect,HMP Berwyn,hmp-berwyn,uk,what-to-expect,prison_what_to_expect,0,0,,0,0,0,yes,no,REVIEW,No measured demand in supplied exports and current content is substantially generic
https://prisonsonline.com/prisons/uk/hmp-birmingham/visiting-times,HMP Birmingham,hmp-birmingham,uk,visiting-times,prison_visiting_times,2,1,2,0,0,0,yes,no,KEEP,"90-day Bing, GSC or GA4 evidence"
https://prisonsonline.com/prisons/uk/hmp-birmingham/contact-details,HMP Birmingham,hmp-birmingham,uk,contact-details,prison_contact_details,1,21,7,0,0,2,yes,no,KEEP,"90-day Bing, GSC or GA4 evidence"
https://prisonsonline.com/prisons/uk/hmp-birmingham/booking-a-visit,HMP Birmingham,hmp-birmingham,uk,booking-a-visit,prison_booking_a_visit,0,0,,0,0,0,yes,no,REVIEW,No measured demand in supplied exports and current content is substantially generic
https://prisonsonline.com/prisons/uk/hmp-birmingham/what-to-expect,HMP Birmingham,hmp-birmingham,uk,what-to-expect,prison_what_to_expect,0,0,,0,0,1,yes,no,KEEP,"90-day Bing, GSC or GA4 evidence"
https://prisonsonline.com/prisons/uk/hmp-bristol/visiting-times,HMP Bristol,hmp-bristol,uk,visiting-times,prison_visiting_times,0,0,,0,0,0,yes,no,REVIEW,No measured demand in supplied exports and current content is substantially generic
https://prisonsonline.com/prisons/uk/hmp-bristol/contact-details,HMP Bristol,hmp-bristol,uk,contact-details,prison_contact_details,0,0,,0,0,1,yes,no,KEEP,"90-day Bing, GSC or GA4 evidence"
https://prisonsonline.com/prisons/uk/hmp-bristol/booking-a-visit,HMP Bristol,hmp-bristol,uk,booking-a-visit,prison_booking_a_visit,0,0,,0,0,1,yes,no,KEEP,"90-day Bing, GSC or GA4 evidence"
https://prisonsonline.com/prisons/uk/hmp-bristol/what-to-expect,HMP Bristol,hmp-bristol,uk,what-to-expect,prison_what_to_expect,0,0,,0,0,0,yes,no,REVIEW,No measured demand in supplied exports and current content is substantially generic
https://prisonsonline.com/prisons/uk/hmp-brixton/visiting-times,HMP Brixton,hmp-brixton,uk,visiting-times,prison_visiting_times,1,1,1,0,0,1,yes,no,KEEP,"90-day Bing, GSC or GA4 evidence"
https://prisonsonline.com/prisons/uk/hmp-brixton/contact-details,HMP Brixton,hmp-brixton,uk,contact-details,prison_contact_details,0,0,,0,0,1,yes,no,KEEP,"90-day Bing, GSC or GA4 evidence"
https://prisonsonline.com/prisons/uk/hmp-brixton/booking-a-visit,HMP Brixton,hmp-brixton,uk,booking-a-visit,prison_booking_a_visit,0,0,,0,0,0,yes,no,REVIEW,No measured demand in supplied exports and current content is substantially generic
https://prisonsonline.com/prisons/uk/hmp-brixton/what-to-expect,HMP Brixton,hmp-brixton,uk,what-to-expect,prison_what_to_expect,0,0,,0,0,0,yes,no,REVIEW,No measured demand in supplied exports and current content is substantially generic
https://prisonsonline.com/prisons/uk/hmp-buckley-hall/visiting-times,HMP Buckley Hall,hmp-buckley-hall,uk,visiting-times,prison_visiting_times,0,0,,0,0,0,yes,no,REVIEW,No measured demand in supplied exports and current content is substantially generic
https://prisonsonline.com/prisons/uk/hmp-buckley-hall/contact-details,HMP Buckley Hall,hmp-buckley-hall,uk,contact-details,prison_contact_details,2,9,6.67,0,0,5,yes,no,KEEP,"90-day Bing, GSC or GA4 evidence"
https://prisonsonline.com/prisons/uk/hmp-buckley-hall/booking-a-visit,HMP Buckley Hall,hmp-buckley-hall,uk,booking-a-visit,prison_booking_a_visit,0,0,,0,0,1,yes,no,KEEP,"90-day Bing, GSC or GA4 evidence"
https://prisonsonline.com/prisons/uk/hmp-buckley-hall/what-to-expect,HMP Buckley Hall,hmp-buckley-hall,uk,what-to-expect,prison_what_to_expect,0,0,,0,0,0,yes,no,REVIEW,No measured demand in supplied exports and current content is substantially generic
https://prisonsonline.com/prisons/uk/hmp-bullingdon/visiting-times,HMP Bullingdon,hmp-bullingdon,uk,visiting-times,prison_visiting_times,0,0,,0,0,0,yes,no,REVIEW,No measured demand in supplied exports and current content is substantially generic
https://prisonsonline.com/prisons/uk/hmp-bullingdon/contact-details,HMP Bullingdon,hmp-bullingdon,uk,contact-details,prison_contact_details,17,758,5.43,0,0,10,yes,yes,KEEP,"90-day Bing, GSC or GA4 evidence"
https://prisonsonline.com/prisons/uk/hmp-bullingdon/booking-a-visit,HMP Bullingdon,hmp-bullingdon,uk,booking-a-visit,prison_booking_a_visit,2,2,3.5,0,0,2,yes,no,KEEP,"90-day Bing, GSC or GA4 evidence"
https://prisonsonline.com/prisons/uk/hmp-bullingdon/what-to-expect,HMP Bullingdon,hmp-bullingdon,uk,what-to-expect,prison_what_to_expect,0,0,,0,0,0,yes,no,REVIEW,No measured demand in supplied exports and current content is substantially generic
https://prisonsonline.com/prisons/uk/hmp-bure/visiting-times,HMP Bure,hmp-bure,uk,visiting-times,prison_visiting_times,0,0,,0,0,0,yes,no,REVIEW,No measured demand in supplied exports and current content is substantially generic
https://prisonsonline.com/prisons/uk/hmp-bure/contact-details,HMP Bure,hmp-bure,uk,contact-details,prison_contact_details,0,0,,0,0,0,yes,no,ENRICH,Valid contact intent with structured facility facts; primary-source verification still required
https://prisonsonline.com/prisons/uk/hmp-bure/booking-a-visit,HMP Bure,hmp-bure,uk,booking-a-visit,prison_booking_a_visit,0,0,,0,0,1,yes,no,KEEP,"90-day Bing, GSC or GA4 evidence"
https://prisonsonline.com/prisons/uk/hmp-bure/what-to-expect,HMP Bure,hmp-bure,uk,what-to-expect,prison_what_to_expect,0,0,,0,0,1,yes,no,KEEP,"90-day Bing, GSC or GA4 evidence"
https://prisonsonline.com/prisons/uk/hmp-cardiff/visiting-times,HMP Cardiff,hmp-cardiff,uk,visiting-times,prison_visiting_times,0,0,,0,0,0,yes,no,REVIEW,No measured demand in supplied exports and current content is substantially generic
https://prisonsonline.com/prisons/uk/hmp-cardiff/contact-details,HMP Cardiff,hmp-cardiff,uk,contact-details,prison_contact_details,6,190,6.09,0,0,3,yes,no,KEEP,"90-day Bing, GSC or GA4 evidence"
https://prisonsonline.com/prisons/uk/hmp-cardiff/booking-a-visit,HMP Cardiff,hmp-cardiff,uk,booking-a-visit,prison_booking_a_visit,0,0,,0,0,0,yes,no,REVIEW,No measured demand in supplied exports and current content is substantially generic
https://prisonsonline.com/prisons/uk/hmp-cardiff/what-to-expect,HMP Cardiff,hmp-cardiff,uk,what-to-expect,prison_what_to_expect,0,0,,0,0,0,yes,no,REVIEW,No measured demand in supplied exports and current content is substantially generic
https://prisonsonline.com/prisons/uk/hmp-channings-wood/visiting-times,HMP Channings Wood,hmp-channings-wood,uk,visiting-times,prison_visiting_times,0,0,,0,0,1,yes,no,KEEP,"90-day Bing, GSC or GA4 evidence"
https://prisonsonline.com/prisons/uk/hmp-channings-wood/contact-details,HMP Channings Wood,hmp-channings-wood,uk,contact-details,prison_contact_details,4,39,6.36,0,0,3,yes,no,KEEP,"90-day Bing, GSC or GA4 evidence"
https://prisonsonline.com/prisons/uk/hmp-channings-wood/booking-a-visit,HMP Channings Wood,hmp-channings-wood,uk,booking-a-visit,prison_booking_a_visit,0,0,,0,0,0,yes,no,REVIEW,No measured demand in supplied exports and current content is substantially generic
https://prisonsonline.com/prisons/uk/hmp-channings-wood/what-to-expect,HMP Channings Wood,hmp-channings-wood,uk,what-to-expect,prison_what_to_expect,0,0,,0,0,0,yes,no,REVIEW,No measured demand in supplied exports and current content is substantially generic
https://prisonsonline.com/prisons/uk/hmp-coldingley/visiting-times,HMP Coldingley,hmp-coldingley,uk,visiting-times,prison_visiting_times,0,0,,0,0,0,yes,no,REVIEW,No measured demand in supplied exports and current content is substantially generic
https://prisonsonline.com/prisons/uk/hmp-coldingley/contact-details,HMP Coldingley,hmp-coldingley,uk,contact-details,prison_contact_details,3,67,7.64,0,0,2,yes,yes,KEEP,"90-day Bing, GSC or GA4 evidence"
https://prisonsonline.com/prisons/uk/hmp-coldingley/booking-a-visit,HMP Coldingley,hmp-coldingley,uk,booking-a-visit,prison_booking_a_visit,0,0,,0,0,0,yes,no,REVIEW,No measured demand in supplied exports and current content is substantially generic
https://prisonsonline.com/prisons/uk/hmp-coldingley/what-to-expect,HMP Coldingley,hmp-coldingley,uk,what-to-expect,prison_what_to_expect,0,0,,0,0,0,yes,no,REVIEW,No measured demand in supplied exports and current content is substantially generic
https://prisonsonline.com/prisons/uk/hmp-dartmoor/visiting-times,HMP Dartmoor,hmp-dartmoor,uk,visiting-times,prison_visiting_times,0,0,,0,0,1,yes,no,KEEP,"90-day Bing, GSC or GA4 evidence"
https://prisonsonline.com/prisons/uk/hmp-dartmoor/contact-details,HMP Dartmoor,hmp-dartmoor,uk,contact-details,prison_contact_details,0,0,,0,0,0,yes,no,ENRICH,Valid contact intent with structured facility facts; primary-source verification still required
https://prisonsonline.com/prisons/uk/hmp-dartmoor/booking-a-visit,HMP Dartmoor,hmp-dartmoor,uk,booking-a-visit,prison_booking_a_visit,0,0,,0,0,1,yes,no,KEEP,"90-day Bing, GSC or GA4 evidence"
https://prisonsonline.com/prisons/uk/hmp-dartmoor/what-to-expect,HMP Dartmoor,hmp-dartmoor,uk,what-to-expect,prison_what_to_expect,0,0,,0,0,0,yes,no,REVIEW,No measured demand in supplied exports and current content is substantially generic
https://prisonsonline.com/prisons/uk/hmp-dovegate/visiting-times,HMP Dovegate,hmp-dovegate,uk,visiting-times,prison_visiting_times,0,0,,0,0,2,yes,no,KEEP,"90-day Bing, GSC or GA4 evidence"
https://prisonsonline.com/prisons/uk/hmp-dovegate/contact-details,HMP Dovegate,hmp-dovegate,uk,contact-details,prison_contact_details,1,11,8,0,0,3,yes,no,KEEP,"90-day Bing, GSC or GA4 evidence"
https://prisonsonline.com/prisons/uk/hmp-dovegate/booking-a-visit,HMP Dovegate,hmp-dovegate,uk,booking-a-visit,prison_booking_a_visit,0,0,,0,0,4,yes,no,KEEP,"90-day Bing, GSC or GA4 evidence"
https://prisonsonline.com/prisons/uk/hmp-dovegate/what-to-expect,HMP Dovegate,hmp-dovegate,uk,what-to-expect,prison_what_to_expect,0,0,,0,0,0,yes,no,REVIEW,No measured demand in supplied exports and current content is substantially generic
https://prisonsonline.com/prisons/uk/hmp-durham/visiting-times,HMP Durham,hmp-durham,uk,visiting-times,prison_visiting_times,0,0,,0,0,0,yes,no,REVIEW,No measured demand in supplied exports and current content is substantially generic
https://prisonsonline.com/prisons/uk/hmp-durham/contact-details,HMP Durham,hmp-durham,uk,contact-details,prison_contact_details,16,661,5.72,0,0,12,yes,no,KEEP,"90-day Bing, GSC or GA4 evidence"
https://prisonsonline.com/prisons/uk/hmp-durham/booking-a-visit,HMP Durham,hmp-durham,uk,booking-a-visit,prison_booking_a_visit,4,16,5,0,0,3,yes,no,KEEP,"90-day Bing, GSC or GA4 evidence"
https://prisonsonline.com/prisons/uk/hmp-durham/what-to-expect,HMP Durham,hmp-durham,uk,what-to-expect,prison_what_to_expect,0,0,,0,0,0,yes,no,REVIEW,No measured demand in supplied exports and current content is substantially generic
https://prisonsonline.com/prisons/uk/hmp-elmley/visiting-times,HMP Elmley,hmp-elmley,uk,visiting-times,prison_visiting_times,0,0,,0,0,4,yes,no,KEEP,"90-day Bing, GSC or GA4 evidence"
https://prisonsonline.com/prisons/uk/hmp-elmley/contact-details,HMP Elmley,hmp-elmley,uk,contact-details,prison_contact_details,4,250,7.23,0,0,6,yes,yes,KEEP,"90-day Bing, GSC or GA4 evidence"
https://prisonsonline.com/prisons/uk/hmp-elmley/booking-a-visit,HMP Elmley,hmp-elmley,uk,booking-a-visit,prison_booking_a_visit,0,0,,0,0,1,yes,no,KEEP,"90-day Bing, GSC or GA4 evidence"
https://prisonsonline.com/prisons/uk/hmp-elmley/what-to-expect,HMP Elmley,hmp-elmley,uk,what-to-expect,prison_what_to_expect,0,0,,0,0,1,yes,no,KEEP,"90-day Bing, GSC or GA4 evidence"
https://prisonsonline.com/prisons/uk/hmp-erlestoke/visiting-times,HMP Erlestoke,hmp-erlestoke,uk,visiting-times,prison_visiting_times,0,0,,0,0,0,yes,no,REVIEW,No measured demand in supplied exports and current content is substantially generic
https://prisonsonline.com/prisons/uk/hmp-erlestoke/contact-details,HMP Erlestoke,hmp-erlestoke,uk,contact-details,prison_contact_details,3,26,7,0,0,7,yes,yes,KEEP,"90-day Bing, GSC or GA4 evidence"
https://prisonsonline.com/prisons/uk/hmp-erlestoke/booking-a-visit,HMP Erlestoke,hmp-erlestoke,uk,booking-a-visit,prison_booking_a_visit,0,0,,0,0,0,yes,no,REVIEW,No measured demand in supplied exports and current content is substantially generic
https://prisonsonline.com/prisons/uk/hmp-erlestoke/what-to-expect,HMP Erlestoke,hmp-erlestoke,uk,what-to-expect,prison_what_to_expect,0,0,,0,0,0,yes,no,REVIEW,No measured demand in supplied exports and current content is substantially generic
https://prisonsonline.com/prisons/uk/hmp-exeter/visiting-times,HMP Exeter,hmp-exeter,uk,visiting-times,prison_visiting_times,0,0,,0,0,1,yes,no,KEEP,"90-day Bing, GSC or GA4 evidence"
https://prisonsonline.com/prisons/uk/hmp-exeter/contact-details,HMP Exeter,hmp-exeter,uk,contact-details,prison_contact_details,3,82,6,0,0,6,yes,no,KEEP,"90-day Bing, GSC or GA4 evidence"
https://prisonsonline.com/prisons/uk/hmp-exeter/booking-a-visit,HMP Exeter,hmp-exeter,uk,booking-a-visit,prison_booking_a_visit,0,0,,0,0,2,yes,no,KEEP,"90-day Bing, GSC or GA4 evidence"
https://prisonsonline.com/prisons/uk/hmp-exeter/what-to-expect,HMP Exeter,hmp-exeter,uk,what-to-expect,prison_what_to_expect,0,0,,0,0,0,yes,no,REVIEW,No measured demand in supplied exports and current content is substantially generic
https://prisonsonline.com/prisons/uk/hmp-featherstone/visiting-times,HMP Featherstone,hmp-featherstone,uk,visiting-times,prison_visiting_times,0,0,,1,0,1,yes,no,KEEP,"90-day Bing, GSC or GA4 evidence"
https://prisonsonline.com/prisons/uk/hmp-featherstone/contact-details,HMP Featherstone,hmp-featherstone,uk,contact-details,prison_contact_details,1,3,7,0,0,1,yes,no,KEEP,"90-day Bing, GSC or GA4 evidence"
https://prisonsonline.com/prisons/uk/hmp-featherstone/booking-a-visit,HMP Featherstone,hmp-featherstone,uk,booking-a-visit,prison_booking_a_visit,0,0,,0,0,1,yes,no,KEEP,"90-day Bing, GSC or GA4 evidence"
https://prisonsonline.com/prisons/uk/hmp-featherstone/what-to-expect,HMP Featherstone,hmp-featherstone,uk,what-to-expect,prison_what_to_expect,0,0,,0,0,0,yes,no,REVIEW,No measured demand in supplied exports and current content is substantially generic
https://prisonsonline.com/prisons/uk/hmp-ford/visiting-times,HMP Ford,hmp-ford,uk,visiting-times,prison_visiting_times,0,0,,0,0,0,yes,no,REVIEW,No measured demand in supplied exports and current content is substantially generic
https://prisonsonline.com/prisons/uk/hmp-ford/contact-details,HMP Ford,hmp-ford,uk,contact-details,prison_contact_details,0,0,,0,0,0,yes,no,ENRICH,Valid contact intent with structured facility facts; primary-source verification still required
https://prisonsonline.com/prisons/uk/hmp-ford/booking-a-visit,HMP Ford,hmp-ford,uk,booking-a-visit,prison_booking_a_visit,0,0,,0,0,0,yes,no,REVIEW,No measured demand in supplied exports and current content is substantially generic
https://prisonsonline.com/prisons/uk/hmp-ford/what-to-expect,HMP Ford,hmp-ford,uk,what-to-expect,prison_what_to_expect,0,0,,0,0,0,yes,no,REVIEW,No measured demand in supplied exports and current content is substantially generic
https://prisonsonline.com/prisons/uk/hmp-forest-bank/visiting-times,HMP Forest Bank,hmp-forest-bank,uk,visiting-times,prison_visiting_times,0,0,,0,0,4,yes,no,KEEP,"90-day Bing, GSC or GA4 evidence"
https://prisonsonline.com/prisons/uk/hmp-forest-bank/contact-details,HMP Forest Bank,hmp-forest-bank,uk,contact-details,prison_contact_details,1,108,7.63,0,0,3,yes,no,KEEP,"90-day Bing, GSC or GA4 evidence"
https://prisonsonline.com/prisons/uk/hmp-forest-bank/booking-a-visit,HMP Forest Bank,hmp-forest-bank,uk,booking-a-visit,prison_booking_a_visit,0,0,,0,0,2,yes,no,KEEP,"90-day Bing, GSC or GA4 evidence"
https://prisonsonline.com/prisons/uk/hmp-forest-bank/what-to-expect,HMP Forest Bank,hmp-forest-bank,uk,what-to-expect,prison_what_to_expect,0,0,,0,0,0,yes,no,REVIEW,No measured demand in supplied exports and current content is substantially generic
https://prisonsonline.com/prisons/uk/hmp-frankland/visiting-times,HMP Frankland,hmp-frankland,uk,visiting-times,prison_visiting_times,0,0,,0,0,0,yes,no,REVIEW,No measured demand in supplied exports and current content is substantially generic
https://prisonsonline.com/prisons/uk/hmp-frankland/contact-details,HMP Frankland,hmp-frankland,uk,contact-details,prison_contact_details,1,33,6,0,0,1,yes,no,KEEP,"90-day Bing, GSC or GA4 evidence"
https://prisonsonline.com/prisons/uk/hmp-frankland/booking-a-visit,HMP Frankland,hmp-frankland,uk,booking-a-visit,prison_booking_a_visit,0,0,,0,0,0,yes,no,REVIEW,No measured demand in supplied exports and current content is substantially generic
https://prisonsonline.com/prisons/uk/hmp-frankland/what-to-expect,HMP Frankland,hmp-frankland,uk,what-to-expect,prison_what_to_expect,0,0,,1,0,3,yes,no,KEEP,"90-day Bing, GSC or GA4 evidence"
https://prisonsonline.com/prisons/uk/hmp-full-sutton/visiting-times,HMP Full Sutton,hmp-full-sutton,uk,visiting-times,prison_visiting_times,0,0,,0,0,2,yes,no,KEEP,"90-day Bing, GSC or GA4 evidence"
https://prisonsonline.com/prisons/uk/hmp-full-sutton/contact-details,HMP Full Sutton,hmp-full-sutton,uk,contact-details,prison_contact_details,5,74,6.41,0,0,3,yes,no,KEEP,"90-day Bing, GSC or GA4 evidence"
https://prisonsonline.com/prisons/uk/hmp-full-sutton/booking-a-visit,HMP Full Sutton,hmp-full-sutton,uk,booking-a-visit,prison_booking_a_visit,0,0,,0,0,1,yes,no,KEEP,"90-day Bing, GSC or GA4 evidence"
https://prisonsonline.com/prisons/uk/hmp-full-sutton/what-to-expect,HMP Full Sutton,hmp-full-sutton,uk,what-to-expect,prison_what_to_expect,0,0,,0,0,0,yes,no,REVIEW,No measured demand in supplied exports and current content is substantially generic
https://prisonsonline.com/prisons/uk/hmp-garth/visiting-times,HMP Garth,hmp-garth,uk,visiting-times,prison_visiting_times,0,0,,0,0,0,yes,no,REVIEW,No measured demand in supplied exports and current content is substantially generic
https://prisonsonline.com/prisons/uk/hmp-garth/contact-details,HMP Garth,hmp-garth,uk,contact-details,prison_contact_details,8,252,5.68,0,0,5,yes,yes,KEEP,"90-day Bing, GSC or GA4 evidence"
https://prisonsonline.com/prisons/uk/hmp-garth/booking-a-visit,HMP Garth,hmp-garth,uk,booking-a-visit,prison_booking_a_visit,0,0,,0,0,1,yes,no,KEEP,"90-day Bing, GSC or GA4 evidence"
https://prisonsonline.com/prisons/uk/hmp-garth/what-to-expect,HMP Garth,hmp-garth,uk,what-to-expect,prison_what_to_expect,0,0,,0,0,0,yes,no,REVIEW,No measured demand in supplied exports and current content is substantially generic
https://prisonsonline.com/prisons/uk/hmp-gartree/visiting-times,HMP Gartree,hmp-gartree,uk,visiting-times,prison_visiting_times,0,0,,0,0,0,yes,no,REVIEW,No measured demand in supplied exports and current content is substantially generic
https://prisonsonline.com/prisons/uk/hmp-gartree/contact-details,HMP Gartree,hmp-gartree,uk,contact-details,prison_contact_details,8,382,5.86,0,0,6,yes,yes,KEEP,"90-day Bing, GSC or GA4 evidence"
https://prisonsonline.com/prisons/uk/hmp-gartree/booking-a-visit,HMP Gartree,hmp-gartree,uk,booking-a-visit,prison_booking_a_visit,0,0,,0,0,0,yes,no,REVIEW,No measured demand in supplied exports and current content is substantially generic
https://prisonsonline.com/prisons/uk/hmp-gartree/what-to-expect,HMP Gartree,hmp-gartree,uk,what-to-expect,prison_what_to_expect,0,0,,0,0,0,yes,no,REVIEW,No measured demand in supplied exports and current content is substantially generic
https://prisonsonline.com/prisons/uk/hmp-grendon/visiting-times,HMP Grendon,hmp-grendon,uk,visiting-times,prison_visiting_times,0,0,,0,0,1,yes,no,KEEP,"90-day Bing, GSC or GA4 evidence"
https://prisonsonline.com/prisons/uk/hmp-grendon/contact-details,HMP Grendon,hmp-grendon,uk,contact-details,prison_contact_details,0,0,,0,0,1,yes,no,KEEP,"90-day Bing, GSC or GA4 evidence"
https://prisonsonline.com/prisons/uk/hmp-grendon/booking-a-visit,HMP Grendon,hmp-grendon,uk,booking-a-visit,prison_booking_a_visit,0,0,,0,0,0,yes,no,REVIEW,No measured demand in supplied exports and current content is substantially generic
https://prisonsonline.com/prisons/uk/hmp-grendon/what-to-expect,HMP Grendon,hmp-grendon,uk,what-to-expect,prison_what_to_expect,0,0,,0,0,2,yes,no,KEEP,"90-day Bing, GSC or GA4 evidence"
https://prisonsonline.com/prisons/uk/hmp-guys-marsh/visiting-times,HMP Guys Marsh,hmp-guys-marsh,uk,visiting-times,prison_visiting_times,0,0,,0,0,1,yes,no,KEEP,"90-day Bing, GSC or GA4 evidence"
https://prisonsonline.com/prisons/uk/hmp-guys-marsh/contact-details,HMP Guys Marsh,hmp-guys-marsh,uk,contact-details,prison_contact_details,5,483,7.05,0,0,5,yes,yes,KEEP,"90-day Bing, GSC or GA4 evidence"
https://prisonsonline.com/prisons/uk/hmp-guys-marsh/booking-a-visit,HMP Guys Marsh,hmp-guys-marsh,uk,booking-a-visit,prison_booking_a_visit,0,0,,0,0,0,yes,no,REVIEW,No measured demand in supplied exports and current content is substantially generic
https://prisonsonline.com/prisons/uk/hmp-guys-marsh/what-to-expect,HMP Guys Marsh,hmp-guys-marsh,uk,what-to-expect,prison_what_to_expect,0,0,,0,0,0,yes,no,REVIEW,No measured demand in supplied exports and current content is substantially generic
https://prisonsonline.com/prisons/uk/hmp-hatfield/visiting-times,HMP Hatfield,hmp-hatfield,uk,visiting-times,prison_visiting_times,0,0,,0,0,0,yes,no,REVIEW,No measured demand in supplied exports and current content is substantially generic
https://prisonsonline.com/prisons/uk/hmp-hatfield/contact-details,HMP Hatfield,hmp-hatfield,uk,contact-details,prison_contact_details,3,77,4.73,0,0,6,yes,no,KEEP,"90-day Bing, GSC or GA4 evidence"
https://prisonsonline.com/prisons/uk/hmp-hatfield/booking-a-visit,HMP Hatfield,hmp-hatfield,uk,booking-a-visit,prison_booking_a_visit,0,0,,0,0,0,yes,no,REVIEW,No measured demand in supplied exports and current content is substantially generic
https://prisonsonline.com/prisons/uk/hmp-hatfield/what-to-expect,HMP Hatfield,hmp-hatfield,uk,what-to-expect,prison_what_to_expect,0,0,,0,0,0,yes,no,REVIEW,No measured demand in supplied exports and current content is substantially generic
https://prisonsonline.com/prisons/uk/hmp-haverigg/visiting-times,HMP Haverigg,hmp-haverigg,uk,visiting-times,prison_visiting_times,0,0,,0,0,0,yes,no,REVIEW,No measured demand in supplied exports and current content is substantially generic
https://prisonsonline.com/prisons/uk/hmp-haverigg/contact-details,HMP Haverigg,hmp-haverigg,uk,contact-details,prison_contact_details,0,0,,0,0,0,yes,no,ENRICH,Valid contact intent with structured facility facts; primary-source verification still required
https://prisonsonline.com/prisons/uk/hmp-haverigg/booking-a-visit,HMP Haverigg,hmp-haverigg,uk,booking-a-visit,prison_booking_a_visit,0,0,,0,0,0,yes,no,REVIEW,No measured demand in supplied exports and current content is substantially generic
https://prisonsonline.com/prisons/uk/hmp-haverigg/what-to-expect,HMP Haverigg,hmp-haverigg,uk,what-to-expect,prison_what_to_expect,0,0,,0,0,0,yes,no,REVIEW,No measured demand in supplied exports and current content is substantially generic
https://prisonsonline.com/prisons/uk/hmp-hewell/visiting-times,HMP Hewell,hmp-hewell,uk,visiting-times,prison_visiting_times,0,0,,0,0,0,yes,no,REVIEW,No measured demand in supplied exports and current content is substantially generic
https://prisonsonline.com/prisons/uk/hmp-hewell/contact-details,HMP Hewell,hmp-hewell,uk,contact-details,prison_contact_details,9,549,7.05,0,0,4,yes,yes,KEEP,"90-day Bing, GSC or GA4 evidence"
https://prisonsonline.com/prisons/uk/hmp-hewell/booking-a-visit,HMP Hewell,hmp-hewell,uk,booking-a-visit,prison_booking_a_visit,0,0,,0,0,2,yes,no,KEEP,"90-day Bing, GSC or GA4 evidence"
https://prisonsonline.com/prisons/uk/hmp-hewell/what-to-expect,HMP Hewell,hmp-hewell,uk,what-to-expect,prison_what_to_expect,0,0,,0,0,0,yes,no,REVIEW,No measured demand in supplied exports and current content is substantially generic
https://prisonsonline.com/prisons/uk/hmp-highpoint/visiting-times,HMP Highpoint,hmp-highpoint,uk,visiting-times,prison_visiting_times,0,0,,0,0,0,yes,no,REVIEW,No measured demand in supplied exports and current content is substantially generic
https://prisonsonline.com/prisons/uk/hmp-highpoint/contact-details,HMP Highpoint,hmp-highpoint,uk,contact-details,prison_contact_details,2,187,7.08,0,0,5,yes,yes,KEEP,"90-day Bing, GSC or GA4 evidence"
https://prisonsonline.com/prisons/uk/hmp-highpoint/booking-a-visit,HMP Highpoint,hmp-highpoint,uk,booking-a-visit,prison_booking_a_visit,0,0,,0,0,2,yes,no,KEEP,"90-day Bing, GSC or GA4 evidence"
https://prisonsonline.com/prisons/uk/hmp-highpoint/what-to-expect,HMP Highpoint,hmp-highpoint,uk,what-to-expect,prison_what_to_expect,0,0,,0,0,0,yes,no,REVIEW,No measured demand in supplied exports and current content is substantially generic
https://prisonsonline.com/prisons/uk/hmp-holme-house/visiting-times,HMP Holme House,hmp-holme-house,uk,visiting-times,prison_visiting_times,0,0,,0,0,0,yes,no,REVIEW,No measured demand in supplied exports and current content is substantially generic
https://prisonsonline.com/prisons/uk/hmp-holme-house/contact-details,HMP Holme House,hmp-holme-house,uk,contact-details,prison_contact_details,2,56,6.3,0,0,3,yes,no,KEEP,"90-day Bing, GSC or GA4 evidence"
https://prisonsonline.com/prisons/uk/hmp-holme-house/booking-a-visit,HMP Holme House,hmp-holme-house,uk,booking-a-visit,prison_booking_a_visit,0,0,,0,0,0,yes,no,REVIEW,No measured demand in supplied exports and current content is substantially generic
https://prisonsonline.com/prisons/uk/hmp-holme-house/what-to-expect,HMP Holme House,hmp-holme-house,uk,what-to-expect,prison_what_to_expect,0,0,,1,0,2,yes,no,KEEP,"90-day Bing, GSC or GA4 evidence"
https://prisonsonline.com/prisons/uk/hmp-humber/visiting-times,HMP Humber,hmp-humber,uk,visiting-times,prison_visiting_times,0,0,,0,0,0,yes,no,REVIEW,No measured demand in supplied exports and current content is substantially generic
https://prisonsonline.com/prisons/uk/hmp-humber/contact-details,HMP Humber,hmp-humber,uk,contact-details,prison_contact_details,0,0,,0,0,2,yes,yes,KEEP,"90-day Bing, GSC or GA4 evidence"
https://prisonsonline.com/prisons/uk/hmp-humber/booking-a-visit,HMP Humber,hmp-humber,uk,booking-a-visit,prison_booking_a_visit,3,5,3,0,0,3,yes,no,KEEP,"90-day Bing, GSC or GA4 evidence"
https://prisonsonline.com/prisons/uk/hmp-humber/what-to-expect,HMP Humber,hmp-humber,uk,what-to-expect,prison_what_to_expect,0,0,,0,0,0,yes,no,REVIEW,No measured demand in supplied exports and current content is substantially generic
https://prisonsonline.com/prisons/uk/hmp-huntercombe/visiting-times,HMP Huntercombe,hmp-huntercombe,uk,visiting-times,prison_visiting_times,0,0,,0,0,0,yes,no,REVIEW,No measured demand in supplied exports and current content is substantially generic
https://prisonsonline.com/prisons/uk/hmp-huntercombe/contact-details,HMP Huntercombe,hmp-huntercombe,uk,contact-details,prison_contact_details,3,906,6.45,0,0,3,yes,yes,KEEP,"90-day Bing, GSC or GA4 evidence"
https://prisonsonline.com/prisons/uk/hmp-huntercombe/booking-a-visit,HMP Huntercombe,hmp-huntercombe,uk,booking-a-visit,prison_booking_a_visit,1,193,8.02,0,0,0,yes,no,KEEP,"90-day Bing, GSC or GA4 evidence"
https://prisonsonline.com/prisons/uk/hmp-huntercombe/what-to-expect,HMP Huntercombe,hmp-huntercombe,uk,what-to-expect,prison_what_to_expect,0,0,,0,0,0,yes,no,REVIEW,No measured demand in supplied exports and current content is substantially generic
https://prisonsonline.com/prisons/uk/hmp-isle-of-wight/visiting-times,HMP Isle of Wight,hmp-isle-of-wight,uk,visiting-times,prison_visiting_times,0,0,,0,0,1,yes,no,KEEP,"90-day Bing, GSC or GA4 evidence"
https://prisonsonline.com/prisons/uk/hmp-isle-of-wight/contact-details,HMP Isle of Wight,hmp-isle-of-wight,uk,contact-details,prison_contact_details,3,61,4,0,0,2,yes,yes,KEEP,"90-day Bing, GSC or GA4 evidence"
https://prisonsonline.com/prisons/uk/hmp-isle-of-wight/booking-a-visit,HMP Isle of Wight,hmp-isle-of-wight,uk,booking-a-visit,prison_booking_a_visit,0,0,,0,0,1,yes,no,KEEP,"90-day Bing, GSC or GA4 evidence"
https://prisonsonline.com/prisons/uk/hmp-isle-of-wight/what-to-expect,HMP Isle of Wight,hmp-isle-of-wight,uk,what-to-expect,prison_what_to_expect,0,0,,0,0,1,yes,no,KEEP,"90-day Bing, GSC or GA4 evidence"
https://prisonsonline.com/prisons/uk/hmp-kirkham/visiting-times,HMP Kirkham,hmp-kirkham,uk,visiting-times,prison_visiting_times,0,0,,0,0,0,yes,no,REVIEW,No measured demand in supplied exports and current content is substantially generic
https://prisonsonline.com/prisons/uk/hmp-kirkham/contact-details,HMP Kirkham,hmp-kirkham,uk,contact-details,prison_contact_details,3,58,5.05,0,0,1,yes,no,KEEP,"90-day Bing, GSC or GA4 evidence"
https://prisonsonline.com/prisons/uk/hmp-kirkham/booking-a-visit,HMP Kirkham,hmp-kirkham,uk,booking-a-visit,prison_booking_a_visit,0,0,,0,0,0,yes,no,REVIEW,No measured demand in supplied exports and current content is substantially generic
https://prisonsonline.com/prisons/uk/hmp-kirkham/what-to-expect,HMP Kirkham,hmp-kirkham,uk,what-to-expect,prison_what_to_expect,0,0,,0,0,0,yes,no,REVIEW,No measured demand in supplied exports and current content is substantially generic
https://prisonsonline.com/prisons/uk/hmp-kirklevington-grange/visiting-times,HMP Kirklevington Grange,hmp-kirklevington-grange,uk,visiting-times,prison_visiting_times,0,0,,1,0,0,yes,no,KEEP,"90-day Bing, GSC or GA4 evidence"
https://prisonsonline.com/prisons/uk/hmp-kirklevington-grange/contact-details,HMP Kirklevington Grange,hmp-kirklevington-grange,uk,contact-details,prison_contact_details,0,0,,0,0,5,yes,no,KEEP,"90-day Bing, GSC or GA4 evidence"
https://prisonsonline.com/prisons/uk/hmp-kirklevington-grange/booking-a-visit,HMP Kirklevington Grange,hmp-kirklevington-grange,uk,booking-a-visit,prison_booking_a_visit,0,0,,0,0,0,yes,no,REVIEW,No measured demand in supplied exports and current content is substantially generic
https://prisonsonline.com/prisons/uk/hmp-kirklevington-grange/what-to-expect,HMP Kirklevington Grange,hmp-kirklevington-grange,uk,what-to-expect,prison_what_to_expect,0,0,,0,0,0,yes,no,REVIEW,No measured demand in supplied exports and current content is substantially generic
https://prisonsonline.com/prisons/uk/hmp-lancaster-farms/visiting-times,HMP Lancaster Farms,hmp-lancaster-farms,uk,visiting-times,prison_visiting_times,0,0,,0,0,0,yes,no,REVIEW,No measured demand in supplied exports and current content is substantially generic
https://prisonsonline.com/prisons/uk/hmp-lancaster-farms/contact-details,HMP Lancaster Farms,hmp-lancaster-farms,uk,contact-details,prison_contact_details,2,98,5.6,0,0,5,yes,yes,KEEP,"90-day Bing, GSC or GA4 evidence"
https://prisonsonline.com/prisons/uk/hmp-lancaster-farms/booking-a-visit,HMP Lancaster Farms,hmp-lancaster-farms,uk,booking-a-visit,prison_booking_a_visit,0,0,,0,0,0,yes,no,REVIEW,No measured demand in supplied exports and current content is substantially generic
https://prisonsonline.com/prisons/uk/hmp-lancaster-farms/what-to-expect,HMP Lancaster Farms,hmp-lancaster-farms,uk,what-to-expect,prison_what_to_expect,0,0,,1,0,2,yes,no,KEEP,"90-day Bing, GSC or GA4 evidence"
https://prisonsonline.com/prisons/uk/hmp-leeds/visiting-times,HMP Leeds,hmp-leeds,uk,visiting-times,prison_visiting_times,0,0,,0,0,1,yes,no,KEEP,"90-day Bing, GSC or GA4 evidence"
https://prisonsonline.com/prisons/uk/hmp-leeds/contact-details,HMP Leeds,hmp-leeds,uk,contact-details,prison_contact_details,3,373,6.39,0,0,5,yes,yes,KEEP,"90-day Bing, GSC or GA4 evidence"
https://prisonsonline.com/prisons/uk/hmp-leeds/booking-a-visit,HMP Leeds,hmp-leeds,uk,booking-a-visit,prison_booking_a_visit,0,0,,0,0,4,yes,no,KEEP,"90-day Bing, GSC or GA4 evidence"
https://prisonsonline.com/prisons/uk/hmp-leeds/what-to-expect,HMP Leeds,hmp-leeds,uk,what-to-expect,prison_what_to_expect,0,0,,1,0,2,yes,no,KEEP,"90-day Bing, GSC or GA4 evidence"
https://prisonsonline.com/prisons/uk/hmp-leicester/visiting-times,HMP Leicester,hmp-leicester,uk,visiting-times,prison_visiting_times,0,0,,0,0,0,yes,no,REVIEW,No measured demand in supplied exports and current content is substantially generic
https://prisonsonline.com/prisons/uk/hmp-leicester/contact-details,HMP Leicester,hmp-leicester,uk,contact-details,prison_contact_details,1,4,5,0,0,2,yes,no,KEEP,"90-day Bing, GSC or GA4 evidence"
https://prisonsonline.com/prisons/uk/hmp-leicester/booking-a-visit,HMP Leicester,hmp-leicester,uk,booking-a-visit,prison_booking_a_visit,0,0,,0,0,0,yes,no,REVIEW,No measured demand in supplied exports and current content is substantially generic
https://prisonsonline.com/prisons/uk/hmp-leicester/what-to-expect,HMP Leicester,hmp-leicester,uk,what-to-expect,prison_what_to_expect,0,0,,1,0,1,yes,no,KEEP,"90-day Bing, GSC or GA4 evidence"
https://prisonsonline.com/prisons/uk/hmp-lewes/visiting-times,HMP Lewes,hmp-lewes,uk,visiting-times,prison_visiting_times,0,0,,0,0,1,yes,no,KEEP,"90-day Bing, GSC or GA4 evidence"
https://prisonsonline.com/prisons/uk/hmp-lewes/contact-details,HMP Lewes,hmp-lewes,uk,contact-details,prison_contact_details,2,155,6,0,0,4,yes,no,KEEP,"90-day Bing, GSC or GA4 evidence"
https://prisonsonline.com/prisons/uk/hmp-lewes/booking-a-visit,HMP Lewes,hmp-lewes,uk,booking-a-visit,prison_booking_a_visit,0,0,,0,0,1,yes,no,KEEP,"90-day Bing, GSC or GA4 evidence"
https://prisonsonline.com/prisons/uk/hmp-lewes/what-to-expect,HMP Lewes,hmp-lewes,uk,what-to-expect,prison_what_to_expect,0,0,,0,0,0,yes,no,REVIEW,No measured demand in supplied exports and current content is substantially generic
https://prisonsonline.com/prisons/uk/hmp-leyhill/visiting-times,HMP Leyhill,hmp-leyhill,uk,visiting-times,prison_visiting_times,0,0,,0,0,0,yes,no,REVIEW,No measured demand in supplied exports and current content is substantially generic
https://prisonsonline.com/prisons/uk/hmp-leyhill/contact-details,HMP Leyhill,hmp-leyhill,uk,contact-details,prison_contact_details,0,0,,0,0,0,yes,no,ENRICH,Valid contact intent with structured facility facts; primary-source verification still required
https://prisonsonline.com/prisons/uk/hmp-leyhill/booking-a-visit,HMP Leyhill,hmp-leyhill,uk,booking-a-visit,prison_booking_a_visit,2,4,4,0,0,1,yes,no,KEEP,"90-day Bing, GSC or GA4 evidence"
https://prisonsonline.com/prisons/uk/hmp-leyhill/what-to-expect,HMP Leyhill,hmp-leyhill,uk,what-to-expect,prison_what_to_expect,0,0,,0,0,1,yes,no,KEEP,"90-day Bing, GSC or GA4 evidence"
https://prisonsonline.com/prisons/uk/hmp-lindholme/visiting-times,HMP Lindholme,hmp-lindholme,uk,visiting-times,prison_visiting_times,0,0,,0,0,2,yes,no,KEEP,"90-day Bing, GSC or GA4 evidence"
https://prisonsonline.com/prisons/uk/hmp-lindholme/contact-details,HMP Lindholme,hmp-lindholme,uk,contact-details,prison_contact_details,1,2,8,1,0,1,yes,no,KEEP,"90-day Bing, GSC or GA4 evidence"
https://prisonsonline.com/prisons/uk/hmp-lindholme/booking-a-visit,HMP Lindholme,hmp-lindholme,uk,booking-a-visit,prison_booking_a_visit,0,0,,0,0,2,yes,no,KEEP,"90-day Bing, GSC or GA4 evidence"
https://prisonsonline.com/prisons/uk/hmp-lindholme/what-to-expect,HMP Lindholme,hmp-lindholme,uk,what-to-expect,prison_what_to_expect,0,0,,0,0,0,yes,no,REVIEW,No measured demand in supplied exports and current content is substantially generic
https://prisonsonline.com/prisons/uk/hmp-littlehey/visiting-times,HMP Littlehey,hmp-littlehey,uk,visiting-times,prison_visiting_times,0,0,,0,0,0,yes,no,REVIEW,No measured demand in supplied exports and current content is substantially generic
https://prisonsonline.com/prisons/uk/hmp-littlehey/contact-details,HMP Littlehey,hmp-littlehey,uk,contact-details,prison_contact_details,0,0,,0,0,0,yes,yes,KEEP,Primary-source fact block implemented
https://prisonsonline.com/prisons/uk/hmp-littlehey/booking-a-visit,HMP Littlehey,hmp-littlehey,uk,booking-a-visit,prison_booking_a_visit,0,0,,0,0,0,yes,no,REVIEW,No measured demand in supplied exports and current content is substantially generic
https://prisonsonline.com/prisons/uk/hmp-littlehey/what-to-expect,HMP Littlehey,hmp-littlehey,uk,what-to-expect,prison_what_to_expect,0,0,,0,0,0,yes,no,REVIEW,No measured demand in supplied exports and current content is substantially generic
https://prisonsonline.com/prisons/uk/hmp-liverpool/visiting-times,HMP Liverpool,hmp-liverpool,uk,visiting-times,prison_visiting_times,0,0,,0,0,0,yes,no,REVIEW,No measured demand in supplied exports and current content is substantially generic
https://prisonsonline.com/prisons/uk/hmp-liverpool/contact-details,HMP Liverpool,hmp-liverpool,uk,contact-details,prison_contact_details,5,271,6.52,0,0,5,yes,yes,KEEP,"90-day Bing, GSC or GA4 evidence"
https://prisonsonline.com/prisons/uk/hmp-liverpool/booking-a-visit,HMP Liverpool,hmp-liverpool,uk,booking-a-visit,prison_booking_a_visit,0,0,,0,0,0,yes,no,REVIEW,No measured demand in supplied exports and current content is substantially generic
https://prisonsonline.com/prisons/uk/hmp-liverpool/what-to-expect,HMP Liverpool,hmp-liverpool,uk,what-to-expect,prison_what_to_expect,0,0,,0,0,0,yes,no,REVIEW,No measured demand in supplied exports and current content is substantially generic
https://prisonsonline.com/prisons/uk/hmp-long-lartin/visiting-times,HMP Long Lartin,hmp-long-lartin,uk,visiting-times,prison_visiting_times,0,0,,0,0,2,yes,no,KEEP,"90-day Bing, GSC or GA4 evidence"
https://prisonsonline.com/prisons/uk/hmp-long-lartin/contact-details,HMP Long Lartin,hmp-long-lartin,uk,contact-details,prison_contact_details,2,43,4.7,0,0,5,yes,no,KEEP,"90-day Bing, GSC or GA4 evidence"
https://prisonsonline.com/prisons/uk/hmp-long-lartin/booking-a-visit,HMP Long Lartin,hmp-long-lartin,uk,booking-a-visit,prison_booking_a_visit,0,0,,0,0,0,yes,no,REVIEW,No measured demand in supplied exports and current content is substantially generic
https://prisonsonline.com/prisons/uk/hmp-long-lartin/what-to-expect,HMP Long Lartin,hmp-long-lartin,uk,what-to-expect,prison_what_to_expect,0,0,,0,0,0,yes,no,REVIEW,No measured demand in supplied exports and current content is substantially generic
https://prisonsonline.com/prisons/uk/hmp-lowdham-grange/visiting-times,HMP Lowdham Grange,hmp-lowdham-grange,uk,visiting-times,prison_visiting_times,0,0,,1,0,0,yes,no,KEEP,"90-day Bing, GSC or GA4 evidence"
https://prisonsonline.com/prisons/uk/hmp-lowdham-grange/contact-details,HMP Lowdham Grange,hmp-lowdham-grange,uk,contact-details,prison_contact_details,4,89,6.71,0,0,2,yes,no,KEEP,"90-day Bing, GSC or GA4 evidence"
https://prisonsonline.com/prisons/uk/hmp-lowdham-grange/booking-a-visit,HMP Lowdham Grange,hmp-lowdham-grange,uk,booking-a-visit,prison_booking_a_visit,2,2,5,0,0,3,yes,no,KEEP,"90-day Bing, GSC or GA4 evidence"
https://prisonsonline.com/prisons/uk/hmp-lowdham-grange/what-to-expect,HMP Lowdham Grange,hmp-lowdham-grange,uk,what-to-expect,prison_what_to_expect,0,0,,1,0,1,yes,no,KEEP,"90-day Bing, GSC or GA4 evidence"
https://prisonsonline.com/prisons/uk/hmp-maidstone/visiting-times,HMP Maidstone,hmp-maidstone,uk,visiting-times,prison_visiting_times,0,0,,0,0,0,yes,no,REVIEW,No measured demand in supplied exports and current content is substantially generic
https://prisonsonline.com/prisons/uk/hmp-maidstone/contact-details,HMP Maidstone,hmp-maidstone,uk,contact-details,prison_contact_details,0,0,,0,0,0,yes,no,ENRICH,Valid contact intent with structured facility facts; primary-source verification still required
https://prisonsonline.com/prisons/uk/hmp-maidstone/booking-a-visit,HMP Maidstone,hmp-maidstone,uk,booking-a-visit,prison_booking_a_visit,0,0,,0,0,0,yes,no,REVIEW,No measured demand in supplied exports and current content is substantially generic
https://prisonsonline.com/prisons/uk/hmp-maidstone/what-to-expect,HMP Maidstone,hmp-maidstone,uk,what-to-expect,prison_what_to_expect,0,0,,0,0,0,yes,no,REVIEW,No measured demand in supplied exports and current content is substantially generic
https://prisonsonline.com/prisons/uk/hmp-manchester/visiting-times,HMP Manchester,hmp-manchester,uk,visiting-times,prison_visiting_times,0,0,,0,0,0,yes,no,REVIEW,No measured demand in supplied exports and current content is substantially generic
https://prisonsonline.com/prisons/uk/hmp-manchester/contact-details,HMP Manchester,hmp-manchester,uk,contact-details,prison_contact_details,2,7,6,0,0,3,yes,no,KEEP,"90-day Bing, GSC or GA4 evidence"
https://prisonsonline.com/prisons/uk/hmp-manchester/booking-a-visit,HMP Manchester,hmp-manchester,uk,booking-a-visit,prison_booking_a_visit,0,0,,0,0,1,yes,no,KEEP,"90-day Bing, GSC or GA4 evidence"
https://prisonsonline.com/prisons/uk/hmp-manchester/what-to-expect,HMP Manchester,hmp-manchester,uk,what-to-expect,prison_what_to_expect,0,0,,0,0,0,yes,no,REVIEW,No measured demand in supplied exports and current content is substantially generic
https://prisonsonline.com/prisons/uk/hmp-morton-hall/visiting-times,HMP Morton Hall,hmp-morton-hall,uk,visiting-times,prison_visiting_times,0,0,,0,0,0,yes,no,REVIEW,No measured demand in supplied exports and current content is substantially generic
https://prisonsonline.com/prisons/uk/hmp-morton-hall/contact-details,HMP Morton Hall,hmp-morton-hall,uk,contact-details,prison_contact_details,1,39,6,0,0,1,yes,no,KEEP,"90-day Bing, GSC or GA4 evidence"
https://prisonsonline.com/prisons/uk/hmp-morton-hall/booking-a-visit,HMP Morton Hall,hmp-morton-hall,uk,booking-a-visit,prison_booking_a_visit,0,0,,0,0,0,yes,no,REVIEW,No measured demand in supplied exports and current content is substantially generic
https://prisonsonline.com/prisons/uk/hmp-morton-hall/what-to-expect,HMP Morton Hall,hmp-morton-hall,uk,what-to-expect,prison_what_to_expect,0,0,,0,0,0,yes,no,REVIEW,No measured demand in supplied exports and current content is substantially generic
https://prisonsonline.com/prisons/uk/hmp-north-sea-camp/visiting-times,HMP North Sea Camp,hmp-north-sea-camp,uk,visiting-times,prison_visiting_times,0,0,,0,0,1,yes,no,KEEP,"90-day Bing, GSC or GA4 evidence"
https://prisonsonline.com/prisons/uk/hmp-north-sea-camp/contact-details,HMP North Sea Camp,hmp-north-sea-camp,uk,contact-details,prison_contact_details,3,31,4.23,0,0,5,yes,no,KEEP,"90-day Bing, GSC or GA4 evidence"
https://prisonsonline.com/prisons/uk/hmp-north-sea-camp/booking-a-visit,HMP North Sea Camp,hmp-north-sea-camp,uk,booking-a-visit,prison_booking_a_visit,0,0,,0,0,0,yes,no,REVIEW,No measured demand in supplied exports and current content is substantially generic
https://prisonsonline.com/prisons/uk/hmp-north-sea-camp/what-to-expect,HMP North Sea Camp,hmp-north-sea-camp,uk,what-to-expect,prison_what_to_expect,0,0,,0,0,1,yes,no,KEEP,"90-day Bing, GSC or GA4 evidence"
https://prisonsonline.com/prisons/uk/hmp-northumberland/visiting-times,HMP Northumberland,hmp-northumberland,uk,visiting-times,prison_visiting_times,0,0,,0,0,0,yes,no,REVIEW,No measured demand in supplied exports and current content is substantially generic
https://prisonsonline.com/prisons/uk/hmp-northumberland/contact-details,HMP Northumberland,hmp-northumberland,uk,contact-details,prison_contact_details,0,0,,0,0,4,yes,no,KEEP,"90-day Bing, GSC or GA4 evidence"
https://prisonsonline.com/prisons/uk/hmp-northumberland/booking-a-visit,HMP Northumberland,hmp-northumberland,uk,booking-a-visit,prison_booking_a_visit,0,0,,0,0,1,yes,no,KEEP,"90-day Bing, GSC or GA4 evidence"
https://prisonsonline.com/prisons/uk/hmp-northumberland/what-to-expect,HMP Northumberland,hmp-northumberland,uk,what-to-expect,prison_what_to_expect,0,0,,0,0,1,yes,no,KEEP,"90-day Bing, GSC or GA4 evidence"
https://prisonsonline.com/prisons/uk/hmp-norwich/visiting-times,HMP Norwich,hmp-norwich,uk,visiting-times,prison_visiting_times,0,0,,0,0,0,yes,no,REVIEW,No measured demand in supplied exports and current content is substantially generic
https://prisonsonline.com/prisons/uk/hmp-norwich/contact-details,HMP Norwich,hmp-norwich,uk,contact-details,prison_contact_details,2,41,7,0,0,5,yes,no,KEEP,"90-day Bing, GSC or GA4 evidence"
https://prisonsonline.com/prisons/uk/hmp-norwich/booking-a-visit,HMP Norwich,hmp-norwich,uk,booking-a-visit,prison_booking_a_visit,0,0,,0,0,0,yes,no,REVIEW,No measured demand in supplied exports and current content is substantially generic
https://prisonsonline.com/prisons/uk/hmp-norwich/what-to-expect,HMP Norwich,hmp-norwich,uk,what-to-expect,prison_what_to_expect,0,0,,0,0,0,yes,no,REVIEW,No measured demand in supplied exports and current content is substantially generic
https://prisonsonline.com/prisons/uk/hmp-nottingham/visiting-times,HMP Nottingham,hmp-nottingham,uk,visiting-times,prison_visiting_times,0,0,,0,0,0,yes,no,REVIEW,No measured demand in supplied exports and current content is substantially generic
https://prisonsonline.com/prisons/uk/hmp-nottingham/contact-details,HMP Nottingham,hmp-nottingham,uk,contact-details,prison_contact_details,4,289,6.58,0,0,4,yes,no,KEEP,"90-day Bing, GSC or GA4 evidence"
https://prisonsonline.com/prisons/uk/hmp-nottingham/booking-a-visit,HMP Nottingham,hmp-nottingham,uk,booking-a-visit,prison_booking_a_visit,0,0,,0,0,1,yes,no,KEEP,"90-day Bing, GSC or GA4 evidence"
https://prisonsonline.com/prisons/uk/hmp-nottingham/what-to-expect,HMP Nottingham,hmp-nottingham,uk,what-to-expect,prison_what_to_expect,0,0,,0,0,2,yes,no,KEEP,"90-day Bing, GSC or GA4 evidence"
https://prisonsonline.com/prisons/uk/hmp-oakwood/visiting-times,HMP Oakwood,hmp-oakwood,uk,visiting-times,prison_visiting_times,0,0,,0,0,4,yes,no,KEEP,"90-day Bing, GSC or GA4 evidence"
https://prisonsonline.com/prisons/uk/hmp-oakwood/contact-details,HMP Oakwood,hmp-oakwood,uk,contact-details,prison_contact_details,2,165,7.58,0,0,4,yes,yes,KEEP,"90-day Bing, GSC or GA4 evidence"
https://prisonsonline.com/prisons/uk/hmp-oakwood/booking-a-visit,HMP Oakwood,hmp-oakwood,uk,booking-a-visit,prison_booking_a_visit,0,0,,0,0,3,yes,no,KEEP,"90-day Bing, GSC or GA4 evidence"
https://prisonsonline.com/prisons/uk/hmp-oakwood/what-to-expect,HMP Oakwood,hmp-oakwood,uk,what-to-expect,prison_what_to_expect,0,0,,0,0,0,yes,no,REVIEW,No measured demand in supplied exports and current content is substantially generic
https://prisonsonline.com/prisons/uk/hmp-onley/visiting-times,HMP Onley,hmp-onley,uk,visiting-times,prison_visiting_times,0,0,,0,0,0,yes,no,REVIEW,No measured demand in supplied exports and current content is substantially generic
https://prisonsonline.com/prisons/uk/hmp-onley/contact-details,HMP Onley,hmp-onley,uk,contact-details,prison_contact_details,0,0,,0,0,0,yes,no,ENRICH,Valid contact intent with structured facility facts; primary-source verification still required
https://prisonsonline.com/prisons/uk/hmp-onley/booking-a-visit,HMP Onley,hmp-onley,uk,booking-a-visit,prison_booking_a_visit,0,0,,0,0,0,yes,no,REVIEW,No measured demand in supplied exports and current content is substantially generic
https://prisonsonline.com/prisons/uk/hmp-onley/what-to-expect,HMP Onley,hmp-onley,uk,what-to-expect,prison_what_to_expect,0,0,,1,0,2,yes,no,KEEP,"90-day Bing, GSC or GA4 evidence"
https://prisonsonline.com/prisons/uk/hmp-peterborough/visiting-times,HMP Peterborough,hmp-peterborough,uk,visiting-times,prison_visiting_times,0,0,,0,0,0,yes,no,REVIEW,No measured demand in supplied exports and current content is substantially generic
https://prisonsonline.com/prisons/uk/hmp-peterborough/contact-details,HMP Peterborough,hmp-peterborough,uk,contact-details,prison_contact_details,5,535,6.92,0,0,4,yes,yes,KEEP,"90-day Bing, GSC or GA4 evidence"
https://prisonsonline.com/prisons/uk/hmp-peterborough/booking-a-visit,HMP Peterborough,hmp-peterborough,uk,booking-a-visit,prison_booking_a_visit,0,0,,0,0,0,yes,no,REVIEW,No measured demand in supplied exports and current content is substantially generic
https://prisonsonline.com/prisons/uk/hmp-peterborough/what-to-expect,HMP Peterborough,hmp-peterborough,uk,what-to-expect,prison_what_to_expect,0,0,,0,0,0,yes,no,REVIEW,No measured demand in supplied exports and current content is substantially generic
https://prisonsonline.com/prisons/uk/hmp-preston/visiting-times,HMP Preston,hmp-preston,uk,visiting-times,prison_visiting_times,1,1,3,0,0,1,yes,no,KEEP,"90-day Bing, GSC or GA4 evidence"
https://prisonsonline.com/prisons/uk/hmp-preston/contact-details,HMP Preston,hmp-preston,uk,contact-details,prison_contact_details,11,789,6.43,0,0,11,yes,yes,KEEP,"90-day Bing, GSC or GA4 evidence"
https://prisonsonline.com/prisons/uk/hmp-preston/booking-a-visit,HMP Preston,hmp-preston,uk,booking-a-visit,prison_booking_a_visit,0,0,,0,0,0,yes,no,REVIEW,No measured demand in supplied exports and current content is substantially generic
https://prisonsonline.com/prisons/uk/hmp-preston/what-to-expect,HMP Preston,hmp-preston,uk,what-to-expect,prison_what_to_expect,0,0,,0,0,0,yes,no,REVIEW,No measured demand in supplied exports and current content is substantially generic
https://prisonsonline.com/prisons/uk/hmp-ranby/visiting-times,HMP Ranby,hmp-ranby,uk,visiting-times,prison_visiting_times,0,0,,0,0,0,yes,no,REVIEW,No measured demand in supplied exports and current content is substantially generic
https://prisonsonline.com/prisons/uk/hmp-ranby/contact-details,HMP Ranby,hmp-ranby,uk,contact-details,prison_contact_details,11,584,6.15,0,0,1,yes,yes,KEEP,"90-day Bing, GSC or GA4 evidence"
https://prisonsonline.com/prisons/uk/hmp-ranby/booking-a-visit,HMP Ranby,hmp-ranby,uk,booking-a-visit,prison_booking_a_visit,0,0,,0,0,1,yes,no,KEEP,"90-day Bing, GSC or GA4 evidence"
https://prisonsonline.com/prisons/uk/hmp-ranby/what-to-expect,HMP Ranby,hmp-ranby,uk,what-to-expect,prison_what_to_expect,0,0,,1,0,1,yes,no,KEEP,"90-day Bing, GSC or GA4 evidence"
https://prisonsonline.com/prisons/uk/hmp-risley/visiting-times,HMP Risley,hmp-risley,uk,visiting-times,prison_visiting_times,0,0,,0,0,1,yes,no,KEEP,"90-day Bing, GSC or GA4 evidence"
https://prisonsonline.com/prisons/uk/hmp-risley/contact-details,HMP Risley,hmp-risley,uk,contact-details,prison_contact_details,3,343,6.97,0,0,3,yes,yes,KEEP,"90-day Bing, GSC or GA4 evidence"
https://prisonsonline.com/prisons/uk/hmp-risley/booking-a-visit,HMP Risley,hmp-risley,uk,booking-a-visit,prison_booking_a_visit,1,2,5,0,0,1,yes,no,KEEP,"90-day Bing, GSC or GA4 evidence"
https://prisonsonline.com/prisons/uk/hmp-risley/what-to-expect,HMP Risley,hmp-risley,uk,what-to-expect,prison_what_to_expect,0,0,,0,0,0,yes,no,REVIEW,No measured demand in supplied exports and current content is substantially generic
https://prisonsonline.com/prisons/uk/hmp-rye-hill/visiting-times,HMP Rye Hill,hmp-rye-hill,uk,visiting-times,prison_visiting_times,0,0,,0,0,1,yes,no,KEEP,"90-day Bing, GSC or GA4 evidence"
https://prisonsonline.com/prisons/uk/hmp-rye-hill/contact-details,HMP Rye Hill,hmp-rye-hill,uk,contact-details,prison_contact_details,4,345,6.83,0,0,4,yes,no,KEEP,"90-day Bing, GSC or GA4 evidence"
https://prisonsonline.com/prisons/uk/hmp-rye-hill/booking-a-visit,HMP Rye Hill,hmp-rye-hill,uk,booking-a-visit,prison_booking_a_visit,0,0,,0,0,0,yes,no,REVIEW,No measured demand in supplied exports and current content is substantially generic
https://prisonsonline.com/prisons/uk/hmp-rye-hill/what-to-expect,HMP Rye Hill,hmp-rye-hill,uk,what-to-expect,prison_what_to_expect,0,0,,0,0,0,yes,no,REVIEW,No measured demand in supplied exports and current content is substantially generic
https://prisonsonline.com/prisons/uk/hmp-send/visiting-times,HMP Send,hmp-send,uk,visiting-times,prison_visiting_times,0,0,,0,0,0,yes,no,REVIEW,No measured demand in supplied exports and current content is substantially generic
https://prisonsonline.com/prisons/uk/hmp-send/contact-details,HMP Send,hmp-send,uk,contact-details,prison_contact_details,0,0,,0,0,0,yes,no,ENRICH,Valid contact intent with structured facility facts; primary-source verification still required
https://prisonsonline.com/prisons/uk/hmp-send/booking-a-visit,HMP Send,hmp-send,uk,booking-a-visit,prison_booking_a_visit,0,0,,0,0,0,yes,no,REVIEW,No measured demand in supplied exports and current content is substantially generic
https://prisonsonline.com/prisons/uk/hmp-send/what-to-expect,HMP Send,hmp-send,uk,what-to-expect,prison_what_to_expect,0,0,,0,0,0,yes,no,REVIEW,No measured demand in supplied exports and current content is substantially generic
https://prisonsonline.com/prisons/uk/hmp-spring-hill/visiting-times,HMP Spring Hill,hmp-spring-hill,uk,visiting-times,prison_visiting_times,1,1,3,0,0,2,yes,no,KEEP,"90-day Bing, GSC or GA4 evidence"
https://prisonsonline.com/prisons/uk/hmp-spring-hill/contact-details,HMP Spring Hill,hmp-spring-hill,uk,contact-details,prison_contact_details,0,0,,0,0,0,yes,no,ENRICH,Valid contact intent with structured facility facts; primary-source verification still required
https://prisonsonline.com/prisons/uk/hmp-spring-hill/booking-a-visit,HMP Spring Hill,hmp-spring-hill,uk,booking-a-visit,prison_booking_a_visit,0,0,,0,0,0,yes,no,REVIEW,No measured demand in supplied exports and current content is substantially generic
https://prisonsonline.com/prisons/uk/hmp-spring-hill/what-to-expect,HMP Spring Hill,hmp-spring-hill,uk,what-to-expect,prison_what_to_expect,0,0,,0,0,0,yes,no,REVIEW,No measured demand in supplied exports and current content is substantially generic
https://prisonsonline.com/prisons/uk/hmp-stafford/visiting-times,HMP Stafford,hmp-stafford,uk,visiting-times,prison_visiting_times,0,0,,0,0,0,yes,no,REVIEW,No measured demand in supplied exports and current content is substantially generic
https://prisonsonline.com/prisons/uk/hmp-stafford/contact-details,HMP Stafford,hmp-stafford,uk,contact-details,prison_contact_details,0,0,,0,0,1,yes,no,KEEP,"90-day Bing, GSC or GA4 evidence"
https://prisonsonline.com/prisons/uk/hmp-stafford/booking-a-visit,HMP Stafford,hmp-stafford,uk,booking-a-visit,prison_booking_a_visit,0,0,,0,0,0,yes,no,REVIEW,No measured demand in supplied exports and current content is substantially generic
https://prisonsonline.com/prisons/uk/hmp-stafford/what-to-expect,HMP Stafford,hmp-stafford,uk,what-to-expect,prison_what_to_expect,0,0,,1,0,2,yes,no,KEEP,"90-day Bing, GSC or GA4 evidence"
https://prisonsonline.com/prisons/uk/hmp-sudbury/visiting-times,HMP Sudbury,hmp-sudbury,uk,visiting-times,prison_visiting_times,1,1,2,1,0,2,yes,no,KEEP,"90-day Bing, GSC or GA4 evidence"
https://prisonsonline.com/prisons/uk/hmp-sudbury/contact-details,HMP Sudbury,hmp-sudbury,uk,contact-details,prison_contact_details,0,0,,0,0,1,yes,no,KEEP,"90-day Bing, GSC or GA4 evidence"
https://prisonsonline.com/prisons/uk/hmp-sudbury/booking-a-visit,HMP Sudbury,hmp-sudbury,uk,booking-a-visit,prison_booking_a_visit,1,2,3,0,0,4,yes,no,KEEP,"90-day Bing, GSC or GA4 evidence"
https://prisonsonline.com/prisons/uk/hmp-sudbury/what-to-expect,HMP Sudbury,hmp-sudbury,uk,what-to-expect,prison_what_to_expect,0,0,,0,0,0,yes,no,REVIEW,No measured demand in supplied exports and current content is substantially generic
https://prisonsonline.com/prisons/uk/hmp-swaleside/visiting-times,HMP Swaleside,hmp-swaleside,uk,visiting-times,prison_visiting_times,0,0,,0,0,0,yes,no,REVIEW,No measured demand in supplied exports and current content is substantially generic
https://prisonsonline.com/prisons/uk/hmp-swaleside/contact-details,HMP Swaleside,hmp-swaleside,uk,contact-details,prison_contact_details,10,105,5.21,0,0,5,yes,no,KEEP,"90-day Bing, GSC or GA4 evidence"
https://prisonsonline.com/prisons/uk/hmp-swaleside/booking-a-visit,HMP Swaleside,hmp-swaleside,uk,booking-a-visit,prison_booking_a_visit,1,1,3,0,0,0,yes,no,KEEP,"90-day Bing, GSC or GA4 evidence"
https://prisonsonline.com/prisons/uk/hmp-swaleside/what-to-expect,HMP Swaleside,hmp-swaleside,uk,what-to-expect,prison_what_to_expect,0,0,,0,0,0,yes,no,REVIEW,No measured demand in supplied exports and current content is substantially generic
https://prisonsonline.com/prisons/uk/hmp-swansea/visiting-times,HMP Swansea,hmp-swansea,uk,visiting-times,prison_visiting_times,1,2,2,0,0,4,yes,no,KEEP,"90-day Bing, GSC or GA4 evidence"
https://prisonsonline.com/prisons/uk/hmp-swansea/contact-details,HMP Swansea,hmp-swansea,uk,contact-details,prison_contact_details,1,2,4,0,0,2,yes,no,KEEP,"90-day Bing, GSC or GA4 evidence"
https://prisonsonline.com/prisons/uk/hmp-swansea/booking-a-visit,HMP Swansea,hmp-swansea,uk,booking-a-visit,prison_booking_a_visit,0,0,,0,0,4,yes,no,KEEP,"90-day Bing, GSC or GA4 evidence"
https://prisonsonline.com/prisons/uk/hmp-swansea/what-to-expect,HMP Swansea,hmp-swansea,uk,what-to-expect,prison_what_to_expect,0,0,,0,0,0,yes,no,REVIEW,No measured demand in supplied exports and current content is substantially generic
https://prisonsonline.com/prisons/uk/hmp-thameside/visiting-times,HMP Thameside,hmp-thameside,uk,visiting-times,prison_visiting_times,0,0,,0,0,1,yes,no,KEEP,"90-day Bing, GSC or GA4 evidence"
https://prisonsonline.com/prisons/uk/hmp-thameside/contact-details,HMP Thameside,hmp-thameside,uk,contact-details,prison_contact_details,14,1052,6.24,0,0,8,yes,yes,KEEP,"90-day Bing, GSC or GA4 evidence"
https://prisonsonline.com/prisons/uk/hmp-thameside/booking-a-visit,HMP Thameside,hmp-thameside,uk,booking-a-visit,prison_booking_a_visit,0,0,,0,0,3,yes,no,KEEP,"90-day Bing, GSC or GA4 evidence"
https://prisonsonline.com/prisons/uk/hmp-thameside/what-to-expect,HMP Thameside,hmp-thameside,uk,what-to-expect,prison_what_to_expect,0,0,,0,0,0,yes,no,REVIEW,No measured demand in supplied exports and current content is substantially generic
https://prisonsonline.com/prisons/uk/hmp-the-mount/visiting-times,HMP The Mount,hmp-the-mount,uk,visiting-times,prison_visiting_times,0,0,,0,0,0,yes,no,REVIEW,No measured demand in supplied exports and current content is substantially generic
https://prisonsonline.com/prisons/uk/hmp-the-mount/contact-details,HMP The Mount,hmp-the-mount,uk,contact-details,prison_contact_details,2,298,6.93,0,0,0,yes,no,KEEP,"90-day Bing, GSC or GA4 evidence"
https://prisonsonline.com/prisons/uk/hmp-the-mount/booking-a-visit,HMP The Mount,hmp-the-mount,uk,booking-a-visit,prison_booking_a_visit,0,0,,0,0,0,yes,no,REVIEW,No measured demand in supplied exports and current content is substantially generic
https://prisonsonline.com/prisons/uk/hmp-the-mount/what-to-expect,HMP The Mount,hmp-the-mount,uk,what-to-expect,prison_what_to_expect,0,0,,0,0,0,yes,no,REVIEW,No measured demand in supplied exports and current content is substantially generic
https://prisonsonline.com/prisons/uk/hmp-the-verne/visiting-times,HMP The Verne,hmp-the-verne,uk,visiting-times,prison_visiting_times,0,0,,0,0,0,yes,no,REVIEW,No measured demand in supplied exports and current content is substantially generic
https://prisonsonline.com/prisons/uk/hmp-the-verne/contact-details,HMP The Verne,hmp-the-verne,uk,contact-details,prison_contact_details,0,0,,0,0,0,yes,no,ENRICH,Valid contact intent with structured facility facts; primary-source verification still required
https://prisonsonline.com/prisons/uk/hmp-the-verne/booking-a-visit,HMP The Verne,hmp-the-verne,uk,booking-a-visit,prison_booking_a_visit,1,1,4,0,0,0,yes,no,KEEP,"90-day Bing, GSC or GA4 evidence"
https://prisonsonline.com/prisons/uk/hmp-the-verne/what-to-expect,HMP The Verne,hmp-the-verne,uk,what-to-expect,prison_what_to_expect,0,0,,0,0,0,yes,no,REVIEW,No measured demand in supplied exports and current content is substantially generic
https://prisonsonline.com/prisons/uk/hmp-usk/visiting-times,HMP Usk,hmp-usk,uk,visiting-times,prison_visiting_times,1,5,3,0,0,1,yes,no,KEEP,"90-day Bing, GSC or GA4 evidence"
https://prisonsonline.com/prisons/uk/hmp-usk/contact-details,HMP Usk,hmp-usk,uk,contact-details,prison_contact_details,1,11,8,0,0,9,yes,no,KEEP,"90-day Bing, GSC or GA4 evidence"
https://prisonsonline.com/prisons/uk/hmp-usk/booking-a-visit,HMP Usk,hmp-usk,uk,booking-a-visit,prison_booking_a_visit,0,0,,0,0,3,yes,no,KEEP,"90-day Bing, GSC or GA4 evidence"
https://prisonsonline.com/prisons/uk/hmp-usk/what-to-expect,HMP Usk,hmp-usk,uk,what-to-expect,prison_what_to_expect,0,0,,0,0,0,yes,no,REVIEW,No measured demand in supplied exports and current content is substantially generic
https://prisonsonline.com/prisons/uk/hmp-wakfield/visiting-times,HMP Wakfield,hmp-wakfield,uk,visiting-times,prison_visiting_times,0,0,,0,0,1,yes,no,KEEP,"90-day Bing, GSC or GA4 evidence"
https://prisonsonline.com/prisons/uk/hmp-wakfield/contact-details,HMP Wakfield,hmp-wakfield,uk,contact-details,prison_contact_details,1,1,6,0,0,1,yes,no,KEEP,"90-day Bing, GSC or GA4 evidence"
https://prisonsonline.com/prisons/uk/hmp-wakfield/booking-a-visit,HMP Wakfield,hmp-wakfield,uk,booking-a-visit,prison_booking_a_visit,0,0,,0,0,0,yes,no,REVIEW,No measured demand in supplied exports and current content is substantially generic
https://prisonsonline.com/prisons/uk/hmp-wakfield/what-to-expect,HMP Wakfield,hmp-wakfield,uk,what-to-expect,prison_what_to_expect,0,0,,0,0,0,yes,no,REVIEW,No measured demand in supplied exports and current content is substantially generic
https://prisonsonline.com/prisons/uk/hmp-wandsworth/visiting-times,HMP Wandsworth,hmp-wandsworth,uk,visiting-times,prison_visiting_times,0,0,,0,0,0,yes,no,REVIEW,No measured demand in supplied exports and current content is substantially generic
https://prisonsonline.com/prisons/uk/hmp-wandsworth/contact-details,HMP Wandsworth,hmp-wandsworth,uk,contact-details,prison_contact_details,19,975,6.74,0,0,15,yes,yes,KEEP,"90-day Bing, GSC or GA4 evidence"
https://prisonsonline.com/prisons/uk/hmp-wandsworth/booking-a-visit,HMP Wandsworth,hmp-wandsworth,uk,booking-a-visit,prison_booking_a_visit,4,7,3.29,0,0,6,yes,no,KEEP,"90-day Bing, GSC or GA4 evidence"
https://prisonsonline.com/prisons/uk/hmp-wandsworth/what-to-expect,HMP Wandsworth,hmp-wandsworth,uk,what-to-expect,prison_what_to_expect,0,0,,0,0,0,yes,no,REVIEW,No measured demand in supplied exports and current content is substantially generic
https://prisonsonline.com/prisons/uk/hmp-warren-hill/visiting-times,HMP Warren Hill,hmp-warren-hill,uk,visiting-times,prison_visiting_times,0,0,,0,0,0,yes,no,REVIEW,No measured demand in supplied exports and current content is substantially generic
https://prisonsonline.com/prisons/uk/hmp-warren-hill/contact-details,HMP Warren Hill,hmp-warren-hill,uk,contact-details,prison_contact_details,0,0,,0,0,0,yes,no,ENRICH,Valid contact intent with structured facility facts; primary-source verification still required
https://prisonsonline.com/prisons/uk/hmp-warren-hill/booking-a-visit,HMP Warren Hill,hmp-warren-hill,uk,booking-a-visit,prison_booking_a_visit,0,0,,0,0,1,yes,no,KEEP,"90-day Bing, GSC or GA4 evidence"
https://prisonsonline.com/prisons/uk/hmp-warren-hill/what-to-expect,HMP Warren Hill,hmp-warren-hill,uk,what-to-expect,prison_what_to_expect,0,0,,0,0,0,yes,no,REVIEW,No measured demand in supplied exports and current content is substantially generic
https://prisonsonline.com/prisons/uk/hmp-wayland/visiting-times,HMP Wayland,hmp-wayland,uk,visiting-times,prison_visiting_times,0,0,,0,0,1,yes,no,KEEP,"90-day Bing, GSC or GA4 evidence"
https://prisonsonline.com/prisons/uk/hmp-wayland/contact-details,HMP Wayland,hmp-wayland,uk,contact-details,prison_contact_details,1,17,6,0,0,1,yes,yes,KEEP,"90-day Bing, GSC or GA4 evidence"
https://prisonsonline.com/prisons/uk/hmp-wayland/booking-a-visit,HMP Wayland,hmp-wayland,uk,booking-a-visit,prison_booking_a_visit,0,0,,0,0,1,yes,no,KEEP,"90-day Bing, GSC or GA4 evidence"
https://prisonsonline.com/prisons/uk/hmp-wayland/what-to-expect,HMP Wayland,hmp-wayland,uk,what-to-expect,prison_what_to_expect,0,0,,0,0,0,yes,no,REVIEW,No measured demand in supplied exports and current content is substantially generic
https://prisonsonline.com/prisons/uk/hmp-wealstun/visiting-times,HMP Wealstun,hmp-wealstun,uk,visiting-times,prison_visiting_times,0,0,,0,0,0,yes,no,REVIEW,No measured demand in supplied exports and current content is substantially generic
https://prisonsonline.com/prisons/uk/hmp-wealstun/contact-details,HMP Wealstun,hmp-wealstun,uk,contact-details,prison_contact_details,4,681,6.61,0,0,3,yes,no,KEEP,"90-day Bing, GSC or GA4 evidence"
https://prisonsonline.com/prisons/uk/hmp-wealstun/booking-a-visit,HMP Wealstun,hmp-wealstun,uk,booking-a-visit,prison_booking_a_visit,1,3,4,0,0,0,yes,no,KEEP,"90-day Bing, GSC or GA4 evidence"
https://prisonsonline.com/prisons/uk/hmp-wealstun/what-to-expect,HMP Wealstun,hmp-wealstun,uk,what-to-expect,prison_what_to_expect,0,0,,0,0,0,yes,no,REVIEW,No measured demand in supplied exports and current content is substantially generic
https://prisonsonline.com/prisons/uk/hmp-whatton/visiting-times,HMP Whatton,hmp-whatton,uk,visiting-times,prison_visiting_times,2,2,4,0,0,1,yes,no,KEEP,"90-day Bing, GSC or GA4 evidence"
https://prisonsonline.com/prisons/uk/hmp-whatton/contact-details,HMP Whatton,hmp-whatton,uk,contact-details,prison_contact_details,0,0,,0,0,5,yes,no,KEEP,"90-day Bing, GSC or GA4 evidence"
https://prisonsonline.com/prisons/uk/hmp-whatton/booking-a-visit,HMP Whatton,hmp-whatton,uk,booking-a-visit,prison_booking_a_visit,3,7,3,0,0,2,yes,no,KEEP,"90-day Bing, GSC or GA4 evidence"
https://prisonsonline.com/prisons/uk/hmp-whatton/what-to-expect,HMP Whatton,hmp-whatton,uk,what-to-expect,prison_what_to_expect,0,0,,0,0,1,yes,no,KEEP,"90-day Bing, GSC or GA4 evidence"
https://prisonsonline.com/prisons/uk/hmp-whitemoor/visiting-times,HMP Whitemoor,hmp-whitemoor,uk,visiting-times,prison_visiting_times,0,0,,0,0,0,yes,no,REVIEW,No measured demand in supplied exports and current content is substantially generic
https://prisonsonline.com/prisons/uk/hmp-whitemoor/contact-details,HMP Whitemoor,hmp-whitemoor,uk,contact-details,prison_contact_details,4,143,4.51,0,0,4,yes,no,KEEP,"90-day Bing, GSC or GA4 evidence"
https://prisonsonline.com/prisons/uk/hmp-whitemoor/booking-a-visit,HMP Whitemoor,hmp-whitemoor,uk,booking-a-visit,prison_booking_a_visit,0,0,,0,0,0,yes,no,REVIEW,No measured demand in supplied exports and current content is substantially generic
https://prisonsonline.com/prisons/uk/hmp-whitemoor/what-to-expect,HMP Whitemoor,hmp-whitemoor,uk,what-to-expect,prison_what_to_expect,0,0,,0,0,0,yes,no,REVIEW,No measured demand in supplied exports and current content is substantially generic
https://prisonsonline.com/prisons/uk/hmp-wormwood-scrubs/visiting-times,HMP Wormwood Scrubs,hmp-wormwood-scrubs,uk,visiting-times,prison_visiting_times,0,0,,0,0,0,yes,no,REVIEW,No measured demand in supplied exports and current content is substantially generic
https://prisonsonline.com/prisons/uk/hmp-wormwood-scrubs/contact-details,HMP Wormwood Scrubs,hmp-wormwood-scrubs,uk,contact-details,prison_contact_details,10,896,5.79,0,0,10,yes,no,KEEP,"90-day Bing, GSC or GA4 evidence"
https://prisonsonline.com/prisons/uk/hmp-wormwood-scrubs/booking-a-visit,HMP Wormwood Scrubs,hmp-wormwood-scrubs,uk,booking-a-visit,prison_booking_a_visit,4,9,3.44,2,0,3,yes,no,KEEP,"90-day Bing, GSC or GA4 evidence"
https://prisonsonline.com/prisons/uk/hmp-wormwood-scrubs/what-to-expect,HMP Wormwood Scrubs,hmp-wormwood-scrubs,uk,what-to-expect,prison_what_to_expect,0,0,,0,0,3,yes,no,KEEP,"90-day Bing, GSC or GA4 evidence"
https://prisonsonline.com/prisons/uk/hmp-wymott/visiting-times,HMP Wymott,hmp-wymott,uk,visiting-times,prison_visiting_times,1,4,5,0,0,2,yes,no,KEEP,"90-day Bing, GSC or GA4 evidence"
https://prisonsonline.com/prisons/uk/hmp-wymott/contact-details,HMP Wymott,hmp-wymott,uk,contact-details,prison_contact_details,5,196,6.41,0,0,2,yes,no,KEEP,"90-day Bing, GSC or GA4 evidence"
https://prisonsonline.com/prisons/uk/hmp-wymott/booking-a-visit,HMP Wymott,hmp-wymott,uk,booking-a-visit,prison_booking_a_visit,0,0,,0,0,2,yes,no,KEEP,"90-day Bing, GSC or GA4 evidence"
https://prisonsonline.com/prisons/uk/hmp-wymott/what-to-expect,HMP Wymott,hmp-wymott,uk,what-to-expect,prison_what_to_expect,0,0,,0,0,0,yes,no,REVIEW,No measured demand in supplied exports and current content is substantially generic
https://prisonsonline.com/prisons/uk/hmp-yoi-altcourse/visiting-times,HMP/YOI Altcourse,hmp-yoi-altcourse,uk,visiting-times,prison_visiting_times,0,0,,0,0,0,yes,no,REVIEW,No measured demand in supplied exports and current content is substantially generic
https://prisonsonline.com/prisons/uk/hmp-yoi-altcourse/contact-details,HMP/YOI Altcourse,hmp-yoi-altcourse,uk,contact-details,prison_contact_details,1,15,7,0,0,3,yes,no,KEEP,"90-day Bing, GSC or GA4 evidence"
https://prisonsonline.com/prisons/uk/hmp-yoi-altcourse/booking-a-visit,HMP/YOI Altcourse,hmp-yoi-altcourse,uk,booking-a-visit,prison_booking_a_visit,0,0,,0,0,0,yes,no,REVIEW,No measured demand in supplied exports and current content is substantially generic
https://prisonsonline.com/prisons/uk/hmp-yoi-altcourse/what-to-expect,HMP/YOI Altcourse,hmp-yoi-altcourse,uk,what-to-expect,prison_what_to_expect,0,0,,0,0,0,yes,no,REVIEW,No measured demand in supplied exports and current content is substantially generic
https://prisonsonline.com/prisons/uk/hmp-yoi-askham-grange/visiting-times,HMP/YOI Askham Grange,hmp-yoi-askham-grange,uk,visiting-times,prison_visiting_times,0,0,,0,0,0,yes,no,REVIEW,No measured demand in supplied exports and current content is substantially generic
https://prisonsonline.com/prisons/uk/hmp-yoi-askham-grange/contact-details,HMP/YOI Askham Grange,hmp-yoi-askham-grange,uk,contact-details,prison_contact_details,0,0,,0,0,0,yes,no,ENRICH,Valid contact intent with structured facility facts; primary-source verification still required
https://prisonsonline.com/prisons/uk/hmp-yoi-askham-grange/booking-a-visit,HMP/YOI Askham Grange,hmp-yoi-askham-grange,uk,booking-a-visit,prison_booking_a_visit,0,0,,0,0,0,yes,no,REVIEW,No measured demand in supplied exports and current content is substantially generic
https://prisonsonline.com/prisons/uk/hmp-yoi-askham-grange/what-to-expect,HMP/YOI Askham Grange,hmp-yoi-askham-grange,uk,what-to-expect,prison_what_to_expect,0,0,,2,0,1,yes,no,KEEP,"90-day Bing, GSC or GA4 evidence"
https://prisonsonline.com/prisons/uk/hmp-yoi-brinsford/visiting-times,HMP/YOI Brinsford,hmp-yoi-brinsford,uk,visiting-times,prison_visiting_times,0,0,,0,0,0,yes,no,REVIEW,No measured demand in supplied exports and current content is substantially generic
https://prisonsonline.com/prisons/uk/hmp-yoi-brinsford/contact-details,HMP/YOI Brinsford,hmp-yoi-brinsford,uk,contact-details,prison_contact_details,0,0,,0,0,1,yes,no,KEEP,"90-day Bing, GSC or GA4 evidence"
https://prisonsonline.com/prisons/uk/hmp-yoi-brinsford/booking-a-visit,HMP/YOI Brinsford,hmp-yoi-brinsford,uk,booking-a-visit,prison_booking_a_visit,0,0,,0,0,0,yes,no,REVIEW,No measured demand in supplied exports and current content is substantially generic
https://prisonsonline.com/prisons/uk/hmp-yoi-brinsford/what-to-expect,HMP/YOI Brinsford,hmp-yoi-brinsford,uk,what-to-expect,prison_what_to_expect,0,0,,0,0,0,yes,no,REVIEW,No measured demand in supplied exports and current content is substantially generic
https://prisonsonline.com/prisons/uk/hmp-yoi-bronzefield/visiting-times,HMP/YOI Bronzefield,hmp-yoi-bronzefield,uk,visiting-times,prison_visiting_times,0,0,,0,0,1,yes,no,KEEP,"90-day Bing, GSC or GA4 evidence"
https://prisonsonline.com/prisons/uk/hmp-yoi-bronzefield/contact-details,HMP/YOI Bronzefield,hmp-yoi-bronzefield,uk,contact-details,prison_contact_details,12,321,6.34,0,0,12,yes,no,KEEP,"90-day Bing, GSC or GA4 evidence"
https://prisonsonline.com/prisons/uk/hmp-yoi-bronzefield/booking-a-visit,HMP/YOI Bronzefield,hmp-yoi-bronzefield,uk,booking-a-visit,prison_booking_a_visit,0,0,,0,0,2,yes,no,KEEP,"90-day Bing, GSC or GA4 evidence"
https://prisonsonline.com/prisons/uk/hmp-yoi-bronzefield/what-to-expect,HMP/YOI Bronzefield,hmp-yoi-bronzefield,uk,what-to-expect,prison_what_to_expect,0,0,,0,0,1,yes,no,KEEP,"90-day Bing, GSC or GA4 evidence"
https://prisonsonline.com/prisons/uk/hmp-yoi-chelmsford/visiting-times,HMP/YOI Chelmsford,hmp-yoi-chelmsford,uk,visiting-times,prison_visiting_times,0,0,,0,0,2,yes,no,KEEP,"90-day Bing, GSC or GA4 evidence"
https://prisonsonline.com/prisons/uk/hmp-yoi-chelmsford/contact-details,HMP/YOI Chelmsford,hmp-yoi-chelmsford,uk,contact-details,prison_contact_details,2,16,6.63,1,0,2,yes,no,KEEP,"90-day Bing, GSC or GA4 evidence"
https://prisonsonline.com/prisons/uk/hmp-yoi-chelmsford/booking-a-visit,HMP/YOI Chelmsford,hmp-yoi-chelmsford,uk,booking-a-visit,prison_booking_a_visit,0,0,,0,0,1,yes,no,KEEP,"90-day Bing, GSC or GA4 evidence"
https://prisonsonline.com/prisons/uk/hmp-yoi-chelmsford/what-to-expect,HMP/YOI Chelmsford,hmp-yoi-chelmsford,uk,what-to-expect,prison_what_to_expect,0,0,,0,0,2,yes,no,KEEP,"90-day Bing, GSC or GA4 evidence"
https://prisonsonline.com/prisons/uk/hmp-yoi-doncaster/visiting-times,HMP/YOI Doncaster,hmp-yoi-doncaster,uk,visiting-times,prison_visiting_times,0,0,,0,0,0,yes,no,REVIEW,No measured demand in supplied exports and current content is substantially generic
https://prisonsonline.com/prisons/uk/hmp-yoi-doncaster/contact-details,HMP/YOI Doncaster,hmp-yoi-doncaster,uk,contact-details,prison_contact_details,0,0,,0,0,1,yes,no,KEEP,"90-day Bing, GSC or GA4 evidence"
https://prisonsonline.com/prisons/uk/hmp-yoi-doncaster/booking-a-visit,HMP/YOI Doncaster,hmp-yoi-doncaster,uk,booking-a-visit,prison_booking_a_visit,0,0,,0,0,1,yes,no,KEEP,"90-day Bing, GSC or GA4 evidence"
https://prisonsonline.com/prisons/uk/hmp-yoi-doncaster/what-to-expect,HMP/YOI Doncaster,hmp-yoi-doncaster,uk,what-to-expect,prison_what_to_expect,0,0,,0,0,1,yes,no,KEEP,"90-day Bing, GSC or GA4 evidence"
https://prisonsonline.com/prisons/uk/hmp-yoi-downview/visiting-times,HMP/YOI Downview,hmp-yoi-downview,uk,visiting-times,prison_visiting_times,0,0,,0,0,0,yes,no,REVIEW,No measured demand in supplied exports and current content is substantially generic
https://prisonsonline.com/prisons/uk/hmp-yoi-downview/contact-details,HMP/YOI Downview,hmp-yoi-downview,uk,contact-details,prison_contact_details,0,0,,0,0,0,yes,no,ENRICH,Valid contact intent with structured facility facts; primary-source verification still required
https://prisonsonline.com/prisons/uk/hmp-yoi-downview/booking-a-visit,HMP/YOI Downview,hmp-yoi-downview,uk,booking-a-visit,prison_booking_a_visit,0,0,,0,0,0,yes,no,REVIEW,No measured demand in supplied exports and current content is substantially generic
https://prisonsonline.com/prisons/uk/hmp-yoi-downview/what-to-expect,HMP/YOI Downview,hmp-yoi-downview,uk,what-to-expect,prison_what_to_expect,0,0,,0,0,0,yes,no,REVIEW,No measured demand in supplied exports and current content is substantially generic
https://prisonsonline.com/prisons/uk/hmp-yoi-drake-hall/visiting-times,HMP/YOI Drake Hall,hmp-yoi-drake-hall,uk,visiting-times,prison_visiting_times,0,0,,0,0,0,yes,no,REVIEW,No measured demand in supplied exports and current content is substantially generic
https://prisonsonline.com/prisons/uk/hmp-yoi-drake-hall/contact-details,HMP/YOI Drake Hall,hmp-yoi-drake-hall,uk,contact-details,prison_contact_details,0,0,,0,0,1,yes,no,KEEP,"90-day Bing, GSC or GA4 evidence"
https://prisonsonline.com/prisons/uk/hmp-yoi-drake-hall/booking-a-visit,HMP/YOI Drake Hall,hmp-yoi-drake-hall,uk,booking-a-visit,prison_booking_a_visit,0,0,,0,0,0,yes,no,REVIEW,No measured demand in supplied exports and current content is substantially generic
https://prisonsonline.com/prisons/uk/hmp-yoi-drake-hall/what-to-expect,HMP/YOI Drake Hall,hmp-yoi-drake-hall,uk,what-to-expect,prison_what_to_expect,0,0,,0,0,0,yes,no,REVIEW,No measured demand in supplied exports and current content is substantially generic
https://prisonsonline.com/prisons/uk/hmp-yoi-east-sutton-park/visiting-times,HMP/YOI East Sutton Park,hmp-yoi-east-sutton-park,uk,visiting-times,prison_visiting_times,0,0,,0,0,0,yes,no,REVIEW,No measured demand in supplied exports and current content is substantially generic
https://prisonsonline.com/prisons/uk/hmp-yoi-east-sutton-park/contact-details,HMP/YOI East Sutton Park,hmp-yoi-east-sutton-park,uk,contact-details,prison_contact_details,2,3,4,0,0,1,yes,no,KEEP,"90-day Bing, GSC or GA4 evidence"
https://prisonsonline.com/prisons/uk/hmp-yoi-east-sutton-park/booking-a-visit,HMP/YOI East Sutton Park,hmp-yoi-east-sutton-park,uk,booking-a-visit,prison_booking_a_visit,0,0,,0,0,1,yes,no,KEEP,"90-day Bing, GSC or GA4 evidence"
https://prisonsonline.com/prisons/uk/hmp-yoi-east-sutton-park/what-to-expect,HMP/YOI East Sutton Park,hmp-yoi-east-sutton-park,uk,what-to-expect,prison_what_to_expect,0,0,,0,0,0,yes,no,REVIEW,No measured demand in supplied exports and current content is substantially generic
https://prisonsonline.com/prisons/uk/hmp-yoi-eastwood-park/visiting-times,HMP/YOI Eastwood Park,hmp-yoi-eastwood-park,uk,visiting-times,prison_visiting_times,0,0,,0,0,0,yes,no,REVIEW,No measured demand in supplied exports and current content is substantially generic
https://prisonsonline.com/prisons/uk/hmp-yoi-eastwood-park/contact-details,HMP/YOI Eastwood Park,hmp-yoi-eastwood-park,uk,contact-details,prison_contact_details,0,0,,0,0,0,yes,no,ENRICH,Valid contact intent with structured facility facts; primary-source verification still required
https://prisonsonline.com/prisons/uk/hmp-yoi-eastwood-park/booking-a-visit,HMP/YOI Eastwood Park,hmp-yoi-eastwood-park,uk,booking-a-visit,prison_booking_a_visit,0,0,,0,0,0,yes,no,REVIEW,No measured demand in supplied exports and current content is substantially generic
https://prisonsonline.com/prisons/uk/hmp-yoi-eastwood-park/what-to-expect,HMP/YOI Eastwood Park,hmp-yoi-eastwood-park,uk,what-to-expect,prison_what_to_expect,0,0,,0,0,0,yes,no,REVIEW,No measured demand in supplied exports and current content is substantially generic
https://prisonsonline.com/prisons/uk/hmp-yoi-foston-hall/visiting-times,HMP/YOI Foston Hall,hmp-yoi-foston-hall,uk,visiting-times,prison_visiting_times,0,0,,0,0,0,yes,no,REVIEW,No measured demand in supplied exports and current content is substantially generic
https://prisonsonline.com/prisons/uk/hmp-yoi-foston-hall/contact-details,HMP/YOI Foston Hall,hmp-yoi-foston-hall,uk,contact-details,prison_contact_details,1,14,7,0,0,2,yes,no,KEEP,"90-day Bing, GSC or GA4 evidence"
https://prisonsonline.com/prisons/uk/hmp-yoi-foston-hall/booking-a-visit,HMP/YOI Foston Hall,hmp-yoi-foston-hall,uk,booking-a-visit,prison_booking_a_visit,0,0,,0,0,0,yes,no,REVIEW,No measured demand in supplied exports and current content is substantially generic
https://prisonsonline.com/prisons/uk/hmp-yoi-foston-hall/what-to-expect,HMP/YOI Foston Hall,hmp-yoi-foston-hall,uk,what-to-expect,prison_what_to_expect,0,0,,0,0,0,yes,no,REVIEW,No measured demand in supplied exports and current content is substantially generic
https://prisonsonline.com/prisons/uk/hmp-yoi-high-down/visiting-times,HMP/YOI High Down,hmp-yoi-high-down,uk,visiting-times,prison_visiting_times,0,0,,0,0,0,yes,no,REVIEW,No measured demand in supplied exports and current content is substantially generic
https://prisonsonline.com/prisons/uk/hmp-yoi-high-down/contact-details,HMP/YOI High Down,hmp-yoi-high-down,uk,contact-details,prison_contact_details,0,0,,0,0,0,yes,no,ENRICH,Valid contact intent with structured facility facts; primary-source verification still required
https://prisonsonline.com/prisons/uk/hmp-yoi-high-down/booking-a-visit,HMP/YOI High Down,hmp-yoi-high-down,uk,booking-a-visit,prison_booking_a_visit,0,0,,0,0,0,yes,no,REVIEW,No measured demand in supplied exports and current content is substantially generic
https://prisonsonline.com/prisons/uk/hmp-yoi-high-down/what-to-expect,HMP/YOI High Down,hmp-yoi-high-down,uk,what-to-expect,prison_what_to_expect,0,0,,0,0,0,yes,no,REVIEW,No measured demand in supplied exports and current content is substantially generic
https://prisonsonline.com/prisons/uk/hmp-yoi-hindley/visiting-times,HMP/YOI Hindley,hmp-yoi-hindley,uk,visiting-times,prison_visiting_times,0,0,,0,0,0,yes,no,REVIEW,No measured demand in supplied exports and current content is substantially generic
https://prisonsonline.com/prisons/uk/hmp-yoi-hindley/contact-details,HMP/YOI Hindley,hmp-yoi-hindley,uk,contact-details,prison_contact_details,5,96,7.48,0,0,2,yes,no,KEEP,"90-day Bing, GSC or GA4 evidence"
https://prisonsonline.com/prisons/uk/hmp-yoi-hindley/booking-a-visit,HMP/YOI Hindley,hmp-yoi-hindley,uk,booking-a-visit,prison_booking_a_visit,0,0,,0,0,1,yes,no,KEEP,"90-day Bing, GSC or GA4 evidence"
https://prisonsonline.com/prisons/uk/hmp-yoi-hindley/what-to-expect,HMP/YOI Hindley,hmp-yoi-hindley,uk,what-to-expect,prison_what_to_expect,0,0,,0,0,0,yes,no,REVIEW,No measured demand in supplied exports and current content is substantially generic
https://prisonsonline.com/prisons/uk/hmp-yoi-hollesley-bay/visiting-times,HMP/YOI Hollesley Bay,hmp-yoi-hollesley-bay,uk,visiting-times,prison_visiting_times,0,0,,0,0,0,yes,no,REVIEW,No measured demand in supplied exports and current content is substantially generic
https://prisonsonline.com/prisons/uk/hmp-yoi-hollesley-bay/contact-details,HMP/YOI Hollesley Bay,hmp-yoi-hollesley-bay,uk,contact-details,prison_contact_details,1,11,5,0,0,4,yes,no,KEEP,"90-day Bing, GSC or GA4 evidence"
https://prisonsonline.com/prisons/uk/hmp-yoi-hollesley-bay/booking-a-visit,HMP/YOI Hollesley Bay,hmp-yoi-hollesley-bay,uk,booking-a-visit,prison_booking_a_visit,0,0,,1,0,1,yes,no,KEEP,"90-day Bing, GSC or GA4 evidence"
https://prisonsonline.com/prisons/uk/hmp-yoi-hollesley-bay/what-to-expect,HMP/YOI Hollesley Bay,hmp-yoi-hollesley-bay,uk,what-to-expect,prison_what_to_expect,0,0,,0,0,0,yes,no,REVIEW,No measured demand in supplied exports and current content is substantially generic
https://prisonsonline.com/prisons/uk/hmp-yoi-hull/visiting-times,HMP/YOI Hull,hmp-yoi-hull,uk,visiting-times,prison_visiting_times,0,0,,0,0,1,yes,no,KEEP,"90-day Bing, GSC or GA4 evidence"
https://prisonsonline.com/prisons/uk/hmp-yoi-hull/contact-details,HMP/YOI Hull,hmp-yoi-hull,uk,contact-details,prison_contact_details,1,12,6,0,0,3,yes,no,KEEP,"90-day Bing, GSC or GA4 evidence"
https://prisonsonline.com/prisons/uk/hmp-yoi-hull/booking-a-visit,HMP/YOI Hull,hmp-yoi-hull,uk,booking-a-visit,prison_booking_a_visit,0,0,,0,0,2,yes,no,KEEP,"90-day Bing, GSC or GA4 evidence"
https://prisonsonline.com/prisons/uk/hmp-yoi-hull/what-to-expect,HMP/YOI Hull,hmp-yoi-hull,uk,what-to-expect,prison_what_to_expect,0,0,,0,0,0,yes,no,REVIEW,No measured demand in supplied exports and current content is substantially generic
https://prisonsonline.com/prisons/uk/hmp-yoi-isis/visiting-times,HMP/YOI Isis,hmp-yoi-isis,uk,visiting-times,prison_visiting_times,0,0,,0,0,0,yes,no,REVIEW,No measured demand in supplied exports and current content is substantially generic
https://prisonsonline.com/prisons/uk/hmp-yoi-isis/contact-details,HMP/YOI Isis,hmp-yoi-isis,uk,contact-details,prison_contact_details,0,0,,0,0,0,yes,no,ENRICH,Valid contact intent with structured facility facts; primary-source verification still required
https://prisonsonline.com/prisons/uk/hmp-yoi-isis/booking-a-visit,HMP/YOI Isis,hmp-yoi-isis,uk,booking-a-visit,prison_booking_a_visit,0,0,,0,0,0,yes,no,REVIEW,No measured demand in supplied exports and current content is substantially generic
https://prisonsonline.com/prisons/uk/hmp-yoi-isis/what-to-expect,HMP/YOI Isis,hmp-yoi-isis,uk,what-to-expect,prison_what_to_expect,0,0,,0,0,0,yes,no,REVIEW,No measured demand in supplied exports and current content is substantially generic
https://prisonsonline.com/prisons/uk/hmp-yoi-lincoln/visiting-times,HMP/YOI Lincoln,hmp-yoi-lincoln,uk,visiting-times,prison_visiting_times,0,0,,0,0,0,yes,no,REVIEW,No measured demand in supplied exports and current content is substantially generic
https://prisonsonline.com/prisons/uk/hmp-yoi-lincoln/contact-details,HMP/YOI Lincoln,hmp-yoi-lincoln,uk,contact-details,prison_contact_details,0,0,,0,0,0,yes,no,ENRICH,Valid contact intent with structured facility facts; primary-source verification still required
https://prisonsonline.com/prisons/uk/hmp-yoi-lincoln/booking-a-visit,HMP/YOI Lincoln,hmp-yoi-lincoln,uk,booking-a-visit,prison_booking_a_visit,0,0,,0,0,0,yes,no,REVIEW,No measured demand in supplied exports and current content is substantially generic
https://prisonsonline.com/prisons/uk/hmp-yoi-lincoln/what-to-expect,HMP/YOI Lincoln,hmp-yoi-lincoln,uk,what-to-expect,prison_what_to_expect,0,0,,0,0,0,yes,no,REVIEW,No measured demand in supplied exports and current content is substantially generic
https://prisonsonline.com/prisons/uk/hmp-yoi-low-newton/visiting-times,HMP/YOI Low Newton,hmp-yoi-low-newton,uk,visiting-times,prison_visiting_times,0,0,,0,0,0,yes,no,REVIEW,No measured demand in supplied exports and current content is substantially generic
https://prisonsonline.com/prisons/uk/hmp-yoi-low-newton/contact-details,HMP/YOI Low Newton,hmp-yoi-low-newton,uk,contact-details,prison_contact_details,0,0,,0,0,0,yes,no,ENRICH,Valid contact intent with structured facility facts; primary-source verification still required
https://prisonsonline.com/prisons/uk/hmp-yoi-low-newton/booking-a-visit,HMP/YOI Low Newton,hmp-yoi-low-newton,uk,booking-a-visit,prison_booking_a_visit,0,0,,0,0,0,yes,no,REVIEW,No measured demand in supplied exports and current content is substantially generic
https://prisonsonline.com/prisons/uk/hmp-yoi-low-newton/what-to-expect,HMP/YOI Low Newton,hmp-yoi-low-newton,uk,what-to-expect,prison_what_to_expect,0,0,,0,0,0,yes,no,REVIEW,No measured demand in supplied exports and current content is substantially generic
https://prisonsonline.com/prisons/uk/hmp-yoi-moorland/visiting-times,HMP/YOI Moorland,hmp-yoi-moorland,uk,visiting-times,prison_visiting_times,0,0,,0,0,0,yes,no,REVIEW,No measured demand in supplied exports and current content is substantially generic
https://prisonsonline.com/prisons/uk/hmp-yoi-moorland/contact-details,HMP/YOI Moorland,hmp-yoi-moorland,uk,contact-details,prison_contact_details,2,13,9.77,0,0,6,yes,no,KEEP,"90-day Bing, GSC or GA4 evidence"
https://prisonsonline.com/prisons/uk/hmp-yoi-moorland/booking-a-visit,HMP/YOI Moorland,hmp-yoi-moorland,uk,booking-a-visit,prison_booking_a_visit,0,0,,0,0,0,yes,no,REVIEW,No measured demand in supplied exports and current content is substantially generic
https://prisonsonline.com/prisons/uk/hmp-yoi-moorland/what-to-expect,HMP/YOI Moorland,hmp-yoi-moorland,uk,what-to-expect,prison_what_to_expect,0,0,,0,0,0,yes,no,REVIEW,No measured demand in supplied exports and current content is substantially generic
https://prisonsonline.com/prisons/uk/hmp-yoi-new-hall/visiting-times,HMP/YOI New Hall,hmp-yoi-new-hall,uk,visiting-times,prison_visiting_times,1,2,3,0,0,1,yes,no,KEEP,"90-day Bing, GSC or GA4 evidence"
https://prisonsonline.com/prisons/uk/hmp-yoi-new-hall/contact-details,HMP/YOI New Hall,hmp-yoi-new-hall,uk,contact-details,prison_contact_details,1,7,6,0,0,1,yes,yes,KEEP,"90-day Bing, GSC or GA4 evidence"
https://prisonsonline.com/prisons/uk/hmp-yoi-new-hall/booking-a-visit,HMP/YOI New Hall,hmp-yoi-new-hall,uk,booking-a-visit,prison_booking_a_visit,0,0,,0,0,0,yes,no,REVIEW,No measured demand in supplied exports and current content is substantially generic
https://prisonsonline.com/prisons/uk/hmp-yoi-new-hall/what-to-expect,HMP/YOI New Hall,hmp-yoi-new-hall,uk,what-to-expect,prison_what_to_expect,0,0,,0,0,0,yes,no,REVIEW,No measured demand in supplied exports and current content is substantially generic
https://prisonsonline.com/prisons/uk/hmp-yoi-parc/visiting-times,HMP/YOI Parc,hmp-yoi-parc,uk,visiting-times,prison_visiting_times,0,0,,0,0,0,yes,no,REVIEW,No measured demand in supplied exports and current content is substantially generic
https://prisonsonline.com/prisons/uk/hmp-yoi-parc/contact-details,HMP/YOI Parc,hmp-yoi-parc,uk,contact-details,prison_contact_details,0,0,,0,0,0,yes,no,ENRICH,Valid contact intent with structured facility facts; primary-source verification still required
https://prisonsonline.com/prisons/uk/hmp-yoi-parc/booking-a-visit,HMP/YOI Parc,hmp-yoi-parc,uk,booking-a-visit,prison_booking_a_visit,0,0,,0,0,0,yes,no,REVIEW,No measured demand in supplied exports and current content is substantially generic
https://prisonsonline.com/prisons/uk/hmp-yoi-parc/what-to-expect,HMP/YOI Parc,hmp-yoi-parc,uk,what-to-expect,prison_what_to_expect,0,0,,0,0,1,yes,no,KEEP,"90-day Bing, GSC or GA4 evidence"
https://prisonsonline.com/prisons/uk/hmp-yoi-pentonville/visiting-times,HMP/YOI Pentonville,hmp-yoi-pentonville,uk,visiting-times,prison_visiting_times,0,0,,1,0,2,yes,no,KEEP,"90-day Bing, GSC or GA4 evidence"
https://prisonsonline.com/prisons/uk/hmp-yoi-pentonville/contact-details,HMP/YOI Pentonville,hmp-yoi-pentonville,uk,contact-details,prison_contact_details,1,321,6.74,0,0,5,yes,yes,KEEP,"90-day Bing, GSC or GA4 evidence"
https://prisonsonline.com/prisons/uk/hmp-yoi-pentonville/booking-a-visit,HMP/YOI Pentonville,hmp-yoi-pentonville,uk,booking-a-visit,prison_booking_a_visit,0,0,,0,0,1,yes,no,KEEP,"90-day Bing, GSC or GA4 evidence"
https://prisonsonline.com/prisons/uk/hmp-yoi-pentonville/what-to-expect,HMP/YOI Pentonville,hmp-yoi-pentonville,uk,what-to-expect,prison_what_to_expect,0,0,,0,0,0,yes,no,REVIEW,No measured demand in supplied exports and current content is substantially generic
https://prisonsonline.com/prisons/uk/hmp-yoi-prescoed/visiting-times,HMP/YOI Prescoed,hmp-yoi-prescoed,uk,visiting-times,prison_visiting_times,0,0,,0,0,0,yes,no,REVIEW,No measured demand in supplied exports and current content is substantially generic
https://prisonsonline.com/prisons/uk/hmp-yoi-prescoed/contact-details,HMP/YOI Prescoed,hmp-yoi-prescoed,uk,contact-details,prison_contact_details,0,0,,0,0,0,yes,no,ENRICH,Valid contact intent with structured facility facts; primary-source verification still required
https://prisonsonline.com/prisons/uk/hmp-yoi-prescoed/booking-a-visit,HMP/YOI Prescoed,hmp-yoi-prescoed,uk,booking-a-visit,prison_booking_a_visit,0,0,,0,0,0,yes,no,REVIEW,No measured demand in supplied exports and current content is substantially generic
https://prisonsonline.com/prisons/uk/hmp-yoi-prescoed/what-to-expect,HMP/YOI Prescoed,hmp-yoi-prescoed,uk,what-to-expect,prison_what_to_expect,0,0,,0,0,0,yes,no,REVIEW,No measured demand in supplied exports and current content is substantially generic
https://prisonsonline.com/prisons/uk/hmp-yoi-rochester/visiting-times,HMP/YOI Rochester,hmp-yoi-rochester,uk,visiting-times,prison_visiting_times,0,0,,0,0,0,yes,no,REVIEW,No measured demand in supplied exports and current content is substantially generic
https://prisonsonline.com/prisons/uk/hmp-yoi-rochester/contact-details,HMP/YOI Rochester,hmp-yoi-rochester,uk,contact-details,prison_contact_details,0,0,,0,0,0,yes,no,ENRICH,Valid contact intent with structured facility facts; primary-source verification still required
https://prisonsonline.com/prisons/uk/hmp-yoi-rochester/booking-a-visit,HMP/YOI Rochester,hmp-yoi-rochester,uk,booking-a-visit,prison_booking_a_visit,0,0,,0,0,1,yes,no,KEEP,"90-day Bing, GSC or GA4 evidence"
https://prisonsonline.com/prisons/uk/hmp-yoi-rochester/what-to-expect,HMP/YOI Rochester,hmp-yoi-rochester,uk,what-to-expect,prison_what_to_expect,0,0,,0,0,0,yes,no,REVIEW,No measured demand in supplied exports and current content is substantially generic
https://prisonsonline.com/prisons/uk/hmp-yoi-standford-hill/visiting-times,HMP/YOI Standford Hill,hmp-yoi-standford-hill,uk,visiting-times,prison_visiting_times,0,0,,0,0,0,yes,no,REVIEW,No measured demand in supplied exports and current content is substantially generic
https://prisonsonline.com/prisons/uk/hmp-yoi-standford-hill/contact-details,HMP/YOI Standford Hill,hmp-yoi-standford-hill,uk,contact-details,prison_contact_details,0,0,,0,0,1,yes,no,KEEP,"90-day Bing, GSC or GA4 evidence"
https://prisonsonline.com/prisons/uk/hmp-yoi-standford-hill/booking-a-visit,HMP/YOI Standford Hill,hmp-yoi-standford-hill,uk,booking-a-visit,prison_booking_a_visit,0,0,,0,0,0,yes,no,REVIEW,No measured demand in supplied exports and current content is substantially generic
https://prisonsonline.com/prisons/uk/hmp-yoi-standford-hill/what-to-expect,HMP/YOI Standford Hill,hmp-yoi-standford-hill,uk,what-to-expect,prison_what_to_expect,0,0,,0,0,0,yes,no,REVIEW,No measured demand in supplied exports and current content is substantially generic
https://prisonsonline.com/prisons/uk/hmp-yoi-stocken/visiting-times,HMP/YOI Stocken,hmp-yoi-stocken,uk,visiting-times,prison_visiting_times,0,0,,0,0,0,yes,no,REVIEW,No measured demand in supplied exports and current content is substantially generic
https://prisonsonline.com/prisons/uk/hmp-yoi-stocken/contact-details,HMP/YOI Stocken,hmp-yoi-stocken,uk,contact-details,prison_contact_details,0,0,,0,0,0,yes,no,ENRICH,Valid contact intent with structured facility facts; primary-source verification still required
https://prisonsonline.com/prisons/uk/hmp-yoi-stocken/booking-a-visit,HMP/YOI Stocken,hmp-yoi-stocken,uk,booking-a-visit,prison_booking_a_visit,1,2,8,0,0,2,yes,no,KEEP,"90-day Bing, GSC or GA4 evidence"
https://prisonsonline.com/prisons/uk/hmp-yoi-stocken/what-to-expect,HMP/YOI Stocken,hmp-yoi-stocken,uk,what-to-expect,prison_what_to_expect,0,0,,0,0,0,yes,no,REVIEW,No measured demand in supplied exports and current content is substantially generic
https://prisonsonline.com/prisons/uk/hmp-yoi-stoke-heath/visiting-times,HMP/YOI Stoke Heath,hmp-yoi-stoke-heath,uk,visiting-times,prison_visiting_times,1,2,4,0,0,2,yes,no,KEEP,"90-day Bing, GSC or GA4 evidence"
https://prisonsonline.com/prisons/uk/hmp-yoi-stoke-heath/contact-details,HMP/YOI Stoke Heath,hmp-yoi-stoke-heath,uk,contact-details,prison_contact_details,2,17,7,0,0,2,yes,no,KEEP,"90-day Bing, GSC or GA4 evidence"
https://prisonsonline.com/prisons/uk/hmp-yoi-stoke-heath/booking-a-visit,HMP/YOI Stoke Heath,hmp-yoi-stoke-heath,uk,booking-a-visit,prison_booking_a_visit,0,0,,0,0,0,yes,no,REVIEW,No measured demand in supplied exports and current content is substantially generic
https://prisonsonline.com/prisons/uk/hmp-yoi-stoke-heath/what-to-expect,HMP/YOI Stoke Heath,hmp-yoi-stoke-heath,uk,what-to-expect,prison_what_to_expect,0,0,,0,0,0,yes,no,REVIEW,No measured demand in supplied exports and current content is substantially generic
https://prisonsonline.com/prisons/uk/hmp-yoi-styal/visiting-times,HMP/YOI Styal,hmp-yoi-styal,uk,visiting-times,prison_visiting_times,0,0,,1,0,1,yes,no,KEEP,"90-day Bing, GSC or GA4 evidence"
https://prisonsonline.com/prisons/uk/hmp-yoi-styal/contact-details,HMP/YOI Styal,hmp-yoi-styal,uk,contact-details,prison_contact_details,0,0,,0,0,0,yes,no,ENRICH,Valid contact intent with structured facility facts; primary-source verification still required
https://prisonsonline.com/prisons/uk/hmp-yoi-styal/booking-a-visit,HMP/YOI Styal,hmp-yoi-styal,uk,booking-a-visit,prison_booking_a_visit,0,0,,0,0,1,yes,no,KEEP,"90-day Bing, GSC or GA4 evidence"
https://prisonsonline.com/prisons/uk/hmp-yoi-styal/what-to-expect,HMP/YOI Styal,hmp-yoi-styal,uk,what-to-expect,prison_what_to_expect,0,0,,0,0,0,yes,no,REVIEW,No measured demand in supplied exports and current content is substantially generic
https://prisonsonline.com/prisons/uk/hmp-yoi-swinfen-hall/visiting-times,HMP/YOI Swinfen Hall,hmp-yoi-swinfen-hall,uk,visiting-times,prison_visiting_times,0,0,,0,0,0,yes,no,REVIEW,No measured demand in supplied exports and current content is substantially generic
https://prisonsonline.com/prisons/uk/hmp-yoi-swinfen-hall/contact-details,HMP/YOI Swinfen Hall,hmp-yoi-swinfen-hall,uk,contact-details,prison_contact_details,0,0,,0,0,0,yes,no,ENRICH,Valid contact intent with structured facility facts; primary-source verification still required
https://prisonsonline.com/prisons/uk/hmp-yoi-swinfen-hall/booking-a-visit,HMP/YOI Swinfen Hall,hmp-yoi-swinfen-hall,uk,booking-a-visit,prison_booking_a_visit,0,0,,0,0,0,yes,no,REVIEW,No measured demand in supplied exports and current content is substantially generic
https://prisonsonline.com/prisons/uk/hmp-yoi-swinfen-hall/what-to-expect,HMP/YOI Swinfen Hall,hmp-yoi-swinfen-hall,uk,what-to-expect,prison_what_to_expect,0,0,,0,0,0,yes,no,REVIEW,No measured demand in supplied exports and current content is substantially generic
https://prisonsonline.com/prisons/uk/hmp-yoi-thorn-cross/visiting-times,HMP/YOI Thorn Cross,hmp-yoi-thorn-cross,uk,visiting-times,prison_visiting_times,0,0,,0,0,1,yes,no,KEEP,"90-day Bing, GSC or GA4 evidence"
https://prisonsonline.com/prisons/uk/hmp-yoi-thorn-cross/contact-details,HMP/YOI Thorn Cross,hmp-yoi-thorn-cross,uk,contact-details,prison_contact_details,4,9,4.33,0,0,2,yes,no,KEEP,"90-day Bing, GSC or GA4 evidence"
https://prisonsonline.com/prisons/uk/hmp-yoi-thorn-cross/booking-a-visit,HMP/YOI Thorn Cross,hmp-yoi-thorn-cross,uk,booking-a-visit,prison_booking_a_visit,0,0,,0,0,1,yes,no,KEEP,"90-day Bing, GSC or GA4 evidence"
https://prisonsonline.com/prisons/uk/hmp-yoi-thorn-cross/what-to-expect,HMP/YOI Thorn Cross,hmp-yoi-thorn-cross,uk,what-to-expect,prison_what_to_expect,0,0,,0,0,0,yes,no,REVIEW,No measured demand in supplied exports and current content is substantially generic
https://prisonsonline.com/prisons/uk/hmp-yoi-winchester/visiting-times,HMP/YOI Winchester,hmp-yoi-winchester,uk,visiting-times,prison_visiting_times,0,0,,0,0,0,yes,no,REVIEW,No measured demand in supplied exports and current content is substantially generic
https://prisonsonline.com/prisons/uk/hmp-yoi-winchester/contact-details,HMP/YOI Winchester,hmp-yoi-winchester,uk,contact-details,prison_contact_details,0,0,,0,0,0,yes,no,ENRICH,Valid contact intent with structured facility facts; primary-source verification still required
https://prisonsonline.com/prisons/uk/hmp-yoi-winchester/booking-a-visit,HMP/YOI Winchester,hmp-yoi-winchester,uk,booking-a-visit,prison_booking_a_visit,0,0,,0,0,0,yes,no,REVIEW,No measured demand in supplied exports and current content is substantially generic
https://prisonsonline.com/prisons/uk/hmp-yoi-winchester/what-to-expect,HMP/YOI Winchester,hmp-yoi-winchester,uk,what-to-expect,prison_what_to_expect,0,0,,0,0,0,yes,no,REVIEW,No measured demand in supplied exports and current content is substantially generic
https://prisonsonline.com/prisons/uk/hmp-yoi-woodhill/visiting-times,HMP/YOI Woodhill,hmp-yoi-woodhill,uk,visiting-times,prison_visiting_times,0,0,,0,0,0,yes,no,REVIEW,No measured demand in supplied exports and current content is substantially generic
https://prisonsonline.com/prisons/uk/hmp-yoi-woodhill/contact-details,HMP/YOI Woodhill,hmp-yoi-woodhill,uk,contact-details,prison_contact_details,0,0,,0,0,2,yes,no,KEEP,"90-day Bing, GSC or GA4 evidence"
https://prisonsonline.com/prisons/uk/hmp-yoi-woodhill/booking-a-visit,HMP/YOI Woodhill,hmp-yoi-woodhill,uk,booking-a-visit,prison_booking_a_visit,0,0,,0,0,1,yes,no,KEEP,"90-day Bing, GSC or GA4 evidence"
https://prisonsonline.com/prisons/uk/hmp-yoi-woodhill/what-to-expect,HMP/YOI Woodhill,hmp-yoi-woodhill,uk,what-to-expect,prison_what_to_expect,0,0,,0,0,0,yes,no,REVIEW,No measured demand in supplied exports and current content is substantially generic
https://prisonsonline.com/prisons/uk/hmyoi-aylesbury/visiting-times,HMYOI Aylesbury,hmyoi-aylesbury,uk,visiting-times,prison_visiting_times,0,0,,0,0,0,yes,no,REVIEW,No measured demand in supplied exports and current content is substantially generic
https://prisonsonline.com/prisons/uk/hmyoi-aylesbury/contact-details,HMYOI Aylesbury,hmyoi-aylesbury,uk,contact-details,prison_contact_details,0,0,,0,0,0,yes,no,ENRICH,Valid contact intent with structured facility facts; primary-source verification still required
https://prisonsonline.com/prisons/uk/hmyoi-aylesbury/booking-a-visit,HMYOI Aylesbury,hmyoi-aylesbury,uk,booking-a-visit,prison_booking_a_visit,0,0,,0,0,0,yes,no,REVIEW,No measured demand in supplied exports and current content is substantially generic
https://prisonsonline.com/prisons/uk/hmyoi-aylesbury/what-to-expect,HMYOI Aylesbury,hmyoi-aylesbury,uk,what-to-expect,prison_what_to_expect,0,0,,0,0,0,yes,no,REVIEW,No measured demand in supplied exports and current content is substantially generic
https://prisonsonline.com/prisons/uk/hmyoi-cookham-wood/visiting-times,HMYOI Cookham Wood,hmyoi-cookham-wood,uk,visiting-times,prison_visiting_times,0,0,,0,0,0,yes,no,REVIEW,No measured demand in supplied exports and current content is substantially generic
https://prisonsonline.com/prisons/uk/hmyoi-cookham-wood/contact-details,HMYOI Cookham Wood,hmyoi-cookham-wood,uk,contact-details,prison_contact_details,0,0,,0,0,1,yes,no,KEEP,"90-day Bing, GSC or GA4 evidence"
https://prisonsonline.com/prisons/uk/hmyoi-cookham-wood/booking-a-visit,HMYOI Cookham Wood,hmyoi-cookham-wood,uk,booking-a-visit,prison_booking_a_visit,0,0,,0,0,0,yes,no,REVIEW,No measured demand in supplied exports and current content is substantially generic
https://prisonsonline.com/prisons/uk/hmyoi-cookham-wood/what-to-expect,HMYOI Cookham Wood,hmyoi-cookham-wood,uk,what-to-expect,prison_what_to_expect,0,0,,0,0,0,yes,no,REVIEW,No measured demand in supplied exports and current content is substantially generic
https://prisonsonline.com/prisons/uk/hmyoi-deerbolt/visiting-times,HMYOI Deerbolt,hmyoi-deerbolt,uk,visiting-times,prison_visiting_times,0,0,,0,0,1,yes,no,KEEP,"90-day Bing, GSC or GA4 evidence"
https://prisonsonline.com/prisons/uk/hmyoi-deerbolt/contact-details,HMYOI Deerbolt,hmyoi-deerbolt,uk,contact-details,prison_contact_details,0,0,,0,0,0,yes,no,ENRICH,Valid contact intent with structured facility facts; primary-source verification still required
https://prisonsonline.com/prisons/uk/hmyoi-deerbolt/booking-a-visit,HMYOI Deerbolt,hmyoi-deerbolt,uk,booking-a-visit,prison_booking_a_visit,0,0,,0,0,0,yes,no,REVIEW,No measured demand in supplied exports and current content is substantially generic
https://prisonsonline.com/prisons/uk/hmyoi-deerbolt/what-to-expect,HMYOI Deerbolt,hmyoi-deerbolt,uk,what-to-expect,prison_what_to_expect,0,0,,0,0,0,yes,no,REVIEW,No measured demand in supplied exports and current content is substantially generic
https://prisonsonline.com/prisons/uk/hmyoi-feltham/visiting-times,HMYOI Feltham,hmyoi-feltham,uk,visiting-times,prison_visiting_times,0,0,,0,0,0,yes,no,REVIEW,No measured demand in supplied exports and current content is substantially generic
https://prisonsonline.com/prisons/uk/hmyoi-feltham/contact-details,HMYOI Feltham,hmyoi-feltham,uk,contact-details,prison_contact_details,0,0,,0,0,0,yes,no,ENRICH,Valid contact intent with structured facility facts; primary-source verification still required
https://prisonsonline.com/prisons/uk/hmyoi-feltham/booking-a-visit,HMYOI Feltham,hmyoi-feltham,uk,booking-a-visit,prison_booking_a_visit,0,0,,0,0,0,yes,no,REVIEW,No measured demand in supplied exports and current content is substantially generic
https://prisonsonline.com/prisons/uk/hmyoi-feltham/what-to-expect,HMYOI Feltham,hmyoi-feltham,uk,what-to-expect,prison_what_to_expect,0,0,,0,0,0,yes,no,REVIEW,No measured demand in supplied exports and current content is substantially generic
https://prisonsonline.com/prisons/uk/hmyoi-portland/visiting-times,HMYOI Portland,hmyoi-portland,uk,visiting-times,prison_visiting_times,0,0,,0,0,0,yes,no,REVIEW,No measured demand in supplied exports and current content is substantially generic
https://prisonsonline.com/prisons/uk/hmyoi-portland/contact-details,HMYOI Portland,hmyoi-portland,uk,contact-details,prison_contact_details,0,0,,0,0,0,yes,no,ENRICH,Valid contact intent with structured facility facts; primary-source verification still required
https://prisonsonline.com/prisons/uk/hmyoi-portland/booking-a-visit,HMYOI Portland,hmyoi-portland,uk,booking-a-visit,prison_booking_a_visit,0,0,,0,0,0,yes,no,REVIEW,No measured demand in supplied exports and current content is substantially generic
https://prisonsonline.com/prisons/uk/hmyoi-portland/what-to-expect,HMYOI Portland,hmyoi-portland,uk,what-to-expect,prison_what_to_expect,0,0,,0,0,0,yes,no,REVIEW,No measured demand in supplied exports and current content is substantially generic
https://prisonsonline.com/prisons/uk/hmyoi-werrington/visiting-times,HMYOI Werrington,hmyoi-werrington,uk,visiting-times,prison_visiting_times,0,0,,0,0,1,yes,no,KEEP,"90-day Bing, GSC or GA4 evidence"
https://prisonsonline.com/prisons/uk/hmyoi-werrington/contact-details,HMYOI Werrington,hmyoi-werrington,uk,contact-details,prison_contact_details,0,0,,0,0,2,yes,no,KEEP,"90-day Bing, GSC or GA4 evidence"
https://prisonsonline.com/prisons/uk/hmyoi-werrington/booking-a-visit,HMYOI Werrington,hmyoi-werrington,uk,booking-a-visit,prison_booking_a_visit,0,0,,0,0,1,yes,no,KEEP,"90-day Bing, GSC or GA4 evidence"
https://prisonsonline.com/prisons/uk/hmyoi-werrington/what-to-expect,HMYOI Werrington,hmyoi-werrington,uk,what-to-expect,prison_what_to_expect,0,0,,0,0,0,yes,no,REVIEW,No measured demand in supplied exports and current content is substantially generic
https://prisonsonline.com/prisons/uk/hmyoi-wetherby/visiting-times,HMYOI Wetherby,hmyoi-wetherby,uk,visiting-times,prison_visiting_times,0,0,,0,0,0,yes,no,REVIEW,No measured demand in supplied exports and current content is substantially generic
https://prisonsonline.com/prisons/uk/hmyoi-wetherby/contact-details,HMYOI Wetherby,hmyoi-wetherby,uk,contact-details,prison_contact_details,1,3,7,0,0,4,yes,no,KEEP,"90-day Bing, GSC or GA4 evidence"
https://prisonsonline.com/prisons/uk/hmyoi-wetherby/booking-a-visit,HMYOI Wetherby,hmyoi-wetherby,uk,booking-a-visit,prison_booking_a_visit,0,0,,0,0,0,yes,no,REVIEW,No measured demand in supplied exports and current content is substantially generic
https://prisonsonline.com/prisons/uk/hmyoi-wetherby/what-to-expect,HMYOI Wetherby,hmyoi-wetherby,uk,what-to-expect,prison_what_to_expect,0,0,,0,0,0,yes,no,REVIEW,No measured demand in supplied exports and current content is substantially generic
https://prisonsonline.com/prisons/uk/oakhill-secure-training-centre/visiting-times,Oakhill Secure Training Centre,oakhill-secure-training-centre,uk,visiting-times,prison_visiting_times,0,0,,0,0,0,yes,no,REVIEW,No measured demand in supplied exports and current content is substantially generic
https://prisonsonline.com/prisons/uk/oakhill-secure-training-centre/contact-details,Oakhill Secure Training Centre,oakhill-secure-training-centre,uk,contact-details,prison_contact_details,0,0,,0,0,0,yes,no,ENRICH,Valid contact intent with structured facility facts; primary-source verification still required
https://prisonsonline.com/prisons/uk/oakhill-secure-training-centre/booking-a-visit,Oakhill Secure Training Centre,oakhill-secure-training-centre,uk,booking-a-visit,prison_booking_a_visit,0,0,,0,0,0,yes,no,REVIEW,No measured demand in supplied exports and current content is substantially generic
https://prisonsonline.com/prisons/uk/oakhill-secure-training-centre/what-to-expect,Oakhill Secure Training Centre,oakhill-secure-training-centre,uk,what-to-expect,prison_what_to_expect,0,0,,0,0,0,yes,no,REVIEW,No measured demand in supplied exports and current content is substantially generic
https://prisonsonline.com/prisons/uk/prison-122/visiting-times,,prison-122,uk,visiting-times,prison_visiting_times,0,0,,0,0,0,no,no,REVIEW,No measured demand in supplied exports and current content is substantially generic
https://prisonsonline.com/prisons/uk/prison-122/contact-details,,prison-122,uk,contact-details,prison_contact_details,0,0,,0,0,0,no,no,REVIEW,No measured demand in supplied exports and current content is substantially generic
https://prisonsonline.com/prisons/uk/prison-122/booking-a-visit,,prison-122,uk,booking-a-visit,prison_booking_a_visit,0,0,,0,0,0,no,no,REVIEW,No measured demand in supplied exports and current content is substantially generic
https://prisonsonline.com/prisons/uk/prison-122/what-to-expect,,prison-122,uk,what-to-expect,prison_what_to_expect,0,0,,0,0,0,no,no,REVIEW,No measured demand in supplied exports and current content is substantially generic
https://prisonsonline.com/prisons/uk/hmp-five-wells/visiting-times,HMP Five Wells,hmp-five-wells,uk,visiting-times,prison_visiting_times,0,0,,0,0,0,yes,no,REVIEW,No measured demand in supplied exports and current content is substantially generic
https://prisonsonline.com/prisons/uk/hmp-five-wells/contact-details,HMP Five Wells,hmp-five-wells,uk,contact-details,prison_contact_details,17,605,4.65,0,0,12,yes,yes,KEEP,"90-day Bing, GSC or GA4 evidence"
https://prisonsonline.com/prisons/uk/hmp-five-wells/booking-a-visit,HMP Five Wells,hmp-five-wells,uk,booking-a-visit,prison_booking_a_visit,0,0,,0,0,0,yes,no,REVIEW,No measured demand in supplied exports and current content is substantially generic
https://prisonsonline.com/prisons/uk/hmp-five-wells/what-to-expect,HMP Five Wells,hmp-five-wells,uk,what-to-expect,prison_what_to_expect,0,0,,0,0,1,yes,no,KEEP,"90-day Bing, GSC or GA4 evidence"
https://prisonsonline.com/prisons/us/alderson-fpc/visiting-times,Alderson Fpc,alderson-fpc,us,visiting-times,prison_visiting_times,0,0,,0,0,0,yes,no,REVIEW,No measured demand in supplied exports and current content is substantially generic
https://prisonsonline.com/prisons/us/alderson-fpc/contact-details,Alderson Fpc,alderson-fpc,us,contact-details,prison_contact_details,0,0,,0,0,0,yes,no,ENRICH,Valid contact intent with structured facility facts; primary-source verification still required
https://prisonsonline.com/prisons/us/alderson-fpc/booking-a-visit,Alderson Fpc,alderson-fpc,us,booking-a-visit,prison_booking_a_visit,0,0,,0,0,0,yes,no,REVIEW,No measured demand in supplied exports and current content is substantially generic
https://prisonsonline.com/prisons/us/alderson-fpc/what-to-expect,Alderson Fpc,alderson-fpc,us,what-to-expect,prison_what_to_expect,0,0,,0,0,0,yes,no,REVIEW,No measured demand in supplied exports and current content is substantially generic
https://prisonsonline.com/prisons/us/atlanta-fci/visiting-times,Atlanta Fci,atlanta-fci,us,visiting-times,prison_visiting_times,0,0,,0,0,0,yes,no,REVIEW,No measured demand in supplied exports and current content is substantially generic
https://prisonsonline.com/prisons/us/atlanta-fci/contact-details,Atlanta Fci,atlanta-fci,us,contact-details,prison_contact_details,0,0,,0,0,0,yes,no,ENRICH,Valid contact intent with structured facility facts; primary-source verification still required
https://prisonsonline.com/prisons/us/atlanta-fci/booking-a-visit,Atlanta Fci,atlanta-fci,us,booking-a-visit,prison_booking_a_visit,0,0,,0,0,0,yes,no,REVIEW,No measured demand in supplied exports and current content is substantially generic
https://prisonsonline.com/prisons/us/atlanta-fci/what-to-expect,Atlanta Fci,atlanta-fci,us,what-to-expect,prison_what_to_expect,0,0,,0,0,1,yes,no,KEEP,"90-day Bing, GSC or GA4 evidence"
https://prisonsonline.com/prisons/us/brooklyn-mdc/visiting-times,Brooklyn Mdc,brooklyn-mdc,us,visiting-times,prison_visiting_times,0,0,,0,0,1,yes,no,KEEP,"90-day Bing, GSC or GA4 evidence"
https://prisonsonline.com/prisons/us/brooklyn-mdc/contact-details,Brooklyn Mdc,brooklyn-mdc,us,contact-details,prison_contact_details,0,0,,0,0,0,yes,no,ENRICH,Valid contact intent with structured facility facts; primary-source verification still required
https://prisonsonline.com/prisons/us/brooklyn-mdc/booking-a-visit,Brooklyn Mdc,brooklyn-mdc,us,booking-a-visit,prison_booking_a_visit,0,0,,0,0,0,yes,no,REVIEW,No measured demand in supplied exports and current content is substantially generic
https://prisonsonline.com/prisons/us/brooklyn-mdc/what-to-expect,Brooklyn Mdc,brooklyn-mdc,us,what-to-expect,prison_what_to_expect,0,0,,0,0,0,yes,no,REVIEW,No measured demand in supplied exports and current content is substantially generic
https://prisonsonline.com/prisons/us/coleman-i-usp/visiting-times,Coleman I Usp,coleman-i-usp,us,visiting-times,prison_visiting_times,1,2,6,0,0,1,yes,no,KEEP,"90-day Bing, GSC or GA4 evidence"
https://prisonsonline.com/prisons/us/coleman-i-usp/contact-details,Coleman I Usp,coleman-i-usp,us,contact-details,prison_contact_details,0,0,,0,0,0,yes,no,ENRICH,Valid contact intent with structured facility facts; primary-source verification still required
https://prisonsonline.com/prisons/us/coleman-i-usp/booking-a-visit,Coleman I Usp,coleman-i-usp,us,booking-a-visit,prison_booking_a_visit,0,0,,0,0,0,yes,no,REVIEW,No measured demand in supplied exports and current content is substantially generic
https://prisonsonline.com/prisons/us/coleman-i-usp/what-to-expect,Coleman I Usp,coleman-i-usp,us,what-to-expect,prison_what_to_expect,0,0,,0,0,0,yes,no,REVIEW,No measured demand in supplied exports and current content is substantially generic
https://prisonsonline.com/prisons/us/florence-admax-usp/visiting-times,Florence Admax Usp,florence-admax-usp,us,visiting-times,prison_visiting_times,0,0,,0,0,0,yes,no,REVIEW,No measured demand in supplied exports and current content is substantially generic
https://prisonsonline.com/prisons/us/florence-admax-usp/contact-details,Florence Admax Usp,florence-admax-usp,us,contact-details,prison_contact_details,0,0,,0,0,0,yes,no,ENRICH,Valid contact intent with structured facility facts; primary-source verification still required
https://prisonsonline.com/prisons/us/florence-admax-usp/booking-a-visit,Florence Admax Usp,florence-admax-usp,us,booking-a-visit,prison_booking_a_visit,0,0,,0,0,0,yes,no,REVIEW,No measured demand in supplied exports and current content is substantially generic
https://prisonsonline.com/prisons/us/florence-admax-usp/what-to-expect,Florence Admax Usp,florence-admax-usp,us,what-to-expect,prison_what_to_expect,0,0,,0,0,0,yes,no,REVIEW,No measured demand in supplied exports and current content is substantially generic
https://prisonsonline.com/prisons/us/manchester-fci/visiting-times,Manchester Fci,manchester-fci,us,visiting-times,prison_visiting_times,0,0,,0,0,1,yes,no,KEEP,"90-day Bing, GSC or GA4 evidence"
https://prisonsonline.com/prisons/us/manchester-fci/contact-details,Manchester Fci,manchester-fci,us,contact-details,prison_contact_details,0,0,,0,0,0,yes,no,ENRICH,Valid contact intent with structured facility facts; primary-source verification still required
https://prisonsonline.com/prisons/us/manchester-fci/booking-a-visit,Manchester Fci,manchester-fci,us,booking-a-visit,prison_booking_a_visit,0,0,,0,0,0,yes,no,REVIEW,No measured demand in supplied exports and current content is substantially generic
https://prisonsonline.com/prisons/us/manchester-fci/what-to-expect,Manchester Fci,manchester-fci,us,what-to-expect,prison_what_to_expect,0,0,,0,0,0,yes,no,REVIEW,No measured demand in supplied exports and current content is substantially generic
